-- phpMyAdmin SQL Dump
-- version 5.2.1
-- https://www.phpmyadmin.net/
--
-- Host: 127.0.0.1:3306
-- Generation Time: Apr 23, 2026 at 04:54 AM
-- Server version: 9.1.0
-- PHP Version: 8.3.14

SET SQL_MODE = "NO_AUTO_VALUE_ON_ZERO";
START TRANSACTION;
SET time_zone = "+00:00";


/*!40101 SET @OLD_CHARACTER_SET_CLIENT=@@CHARACTER_SET_CLIENT */;
/*!40101 SET @OLD_CHARACTER_SET_RESULTS=@@CHARACTER_SET_RESULTS */;
/*!40101 SET @OLD_COLLATION_CONNECTION=@@COLLATION_CONNECTION */;
/*!40101 SET NAMES utf8mb4 */;

--
-- Database: `django_test_db`
--

-- --------------------------------------------------------

--
-- Table structure for table `appname_goodsshipment`
--

DROP TABLE IF EXISTS `appname_goodsshipment`;
CREATE TABLE IF NOT EXISTS `appname_goodsshipment` (
  `id` bigint NOT NULL AUTO_INCREMENT,
  `weight_kg` decimal(8,2) NOT NULL,
  `rate_per_kg_inr` decimal(8,2) NOT NULL,
  `amount_inr` decimal(10,2) NOT NULL,
  `label_no` varchar(20) NOT NULL,
  `status` varchar(15) NOT NULL,
  `created_at` datetime(6) NOT NULL,
  `sender_id` bigint DEFAULT NULL,
  `schedule_id` bigint DEFAULT NULL,
  `destination_id` bigint DEFAULT NULL,
  `sender_name` varchar(100) NOT NULL,
  `sender_email` varchar(100) NOT NULL,
  `destination` varchar(100) NOT NULL,
  PRIMARY KEY (`id`),
  UNIQUE KEY `label_no` (`label_no`),
  KEY `appname_goodsshipment_sender_id_9bb86d59` (`sender_id`),
  KEY `appname_goodsshipment_schedule_id_deb80fea` (`schedule_id`),
  KEY `appname_goodsshipment_destination_id_b66d33d0` (`destination_id`)
) ENGINE=MyISAM AUTO_INCREMENT=5 DEFAULT CHARSET=utf8mb4 COLLATE=utf8mb4_0900_ai_ci;

--
-- Dumping data for table `appname_goodsshipment`
--

INSERT INTO `appname_goodsshipment` (`id`, `weight_kg`, `rate_per_kg_inr`, `amount_inr`, `label_no`, `status`, `created_at`, `sender_id`, `schedule_id`, `destination_id`, `sender_name`, `sender_email`, `destination`) VALUES
(4, 1200.00, 25.00, 30000.00, 'IRG40C73F', 'BOOKED', '2026-04-21 04:34:40.627435', NULL, 916, NULL, 'DSG cargos', 'dsdcargo@gmail.com', 'Erode');

-- --------------------------------------------------------

--
-- Table structure for table `appname_passengerticket`
--

DROP TABLE IF EXISTS `appname_passengerticket`;
CREATE TABLE IF NOT EXISTS `appname_passengerticket` (
  `id` bigint NOT NULL AUTO_INCREMENT,
  `ticket_type` varchar(10) NOT NULL,
  `coach_class` varchar(3) NOT NULL,
  `pnr` varchar(10) NOT NULL,
  `amount_inr` decimal(10,2) NOT NULL,
  `booked_at` datetime(6) NOT NULL,
  `user_id` bigint NOT NULL,
  `schedule_id` bigint DEFAULT NULL,
  `status` varchar(10) NOT NULL,
  `destination_id` bigint DEFAULT NULL,
  `passenger_age` int UNSIGNED DEFAULT NULL,
  `passenger_gender` varchar(10) DEFAULT NULL,
  `passenger_name` varchar(100) DEFAULT NULL,
  `passenger_phone` varchar(15) DEFAULT NULL,
  `expires_at` datetime(6) DEFAULT NULL,
  `passenger_count` int UNSIGNED NOT NULL,
  `passenger_details` json NOT NULL DEFAULT (_utf8mb4'[]'),
  `booking_source` varchar(20) NOT NULL,
  PRIMARY KEY (`id`),
  UNIQUE KEY `pnr` (`pnr`),
  KEY `appname_passengerticket_user_id_5c2270a7` (`user_id`),
  KEY `appname_passengerticket_schedule_id_e78205b2` (`schedule_id`),
  KEY `appname_passengerticket_destination_id_7edc2a7a` (`destination_id`)
) ;

--
-- Dumping data for table `appname_passengerticket`
--

INSERT INTO `appname_passengerticket` (`id`, `ticket_type`, `coach_class`, `pnr`, `amount_inr`, `booked_at`, `user_id`, `schedule_id`, `status`, `destination_id`, `passenger_age`, `passenger_gender`, `passenger_name`, `passenger_phone`, `expires_at`, `passenger_count`, `passenger_details`, `booking_source`) VALUES
(1, 'TRAIN', 'GN', 'PNRC83E9B', 50.00, '2026-02-16 04:16:01.157075', 13, 25, 'DEPARTED', NULL, NULL, NULL, NULL, NULL, NULL, 1, '[]', 'PASSENGER_PORTAL'),
(2, 'PLATFORM', 'GN', 'PNRF907BC', 10.00, '2026-02-21 04:11:58.830995', 15, NULL, 'ACTIVE', NULL, NULL, NULL, NULL, NULL, NULL, 1, '[]', 'PASSENGER_PORTAL'),
(3, 'TRAIN', '3A', 'PNR0752CE', 1000.00, '2026-02-21 04:12:31.839729', 15, NULL, 'ACTIVE', NULL, NULL, NULL, NULL, NULL, NULL, 1, '[]', 'PASSENGER_PORTAL'),
(4, 'TRAIN', '1A', 'PNRAC64AA', 1000.00, '2026-02-21 06:07:28.675287', 4, 746, 'DEPARTED', 8, NULL, NULL, NULL, NULL, NULL, 1, '[]', 'TICKET_COUNTER'),
(5, 'TRAIN', '2A', 'PNR6B1DB0', 200.00, '2026-02-21 06:09:24.932467', 4, 746, 'DEPARTED', 12, NULL, NULL, NULL, NULL, NULL, 1, '[]', 'TICKET_COUNTER'),
(6, 'TRAIN', '1A', 'PNR0E07D3', 1000.00, '2026-02-21 06:12:26.324108', 5, 746, 'DEPARTED', 8, NULL, NULL, NULL, NULL, NULL, 1, '[]', 'TICKET_COUNTER'),
(7, 'TRAIN', 'SL', 'PNRDDA8ED', 120.00, '2026-02-21 06:14:50.762663', 5, 758, 'DEPARTED', 37, NULL, NULL, NULL, NULL, NULL, 1, '[]', 'TICKET_COUNTER'),
(8, 'PLATFORM', '', 'PNRD5A501', 10.00, '2026-02-21 06:58:55.403043', 4, NULL, 'ACTIVE', NULL, NULL, NULL, NULL, NULL, NULL, 1, '[]', 'TICKET_COUNTER'),
(9, 'TRAIN', '2A', 'PNR3AC83A', 400.00, '2026-03-10 14:22:33.433057', 4, 906, 'DEPARTED', 35, 33, 'Male', 'hgygk', '7664876676', NULL, 1, '[]', 'TICKET_COUNTER'),
(10, 'TRAIN', 'GN', 'PNREF76CC', 50.00, '2026-04-21 03:51:28.469432', 15, 924, 'DEPARTED', NULL, NULL, NULL, NULL, NULL, NULL, 1, '[]', 'PASSENGER_PORTAL'),
(11, 'TRAIN', 'GN', 'PNR47D92A', 50.00, '2026-04-21 03:54:55.662332', 4, 924, 'DEPARTED', NULL, NULL, NULL, NULL, NULL, NULL, 1, '[]', 'TICKET_COUNTER'),
(12, 'TRAIN', 'GN', 'PNRE8B646', 50.00, '2026-04-21 04:15:57.592253', 15, 924, 'DEPARTED', NULL, NULL, NULL, NULL, NULL, NULL, 1, '[]', 'PASSENGER_PORTAL');

-- --------------------------------------------------------

--
-- Table structure for table `appname_product`
--

DROP TABLE IF EXISTS `appname_product`;
CREATE TABLE IF NOT EXISTS `appname_product` (
  `id` bigint NOT NULL AUTO_INCREMENT,
  `name` varchar(100) NOT NULL,
  `category` varchar(20) NOT NULL,
  `base_price` decimal(10,2) NOT NULL,
  `active` tinyint(1) NOT NULL,
  PRIMARY KEY (`id`)
) ENGINE=MyISAM AUTO_INCREMENT=30 DEFAULT CHARSET=utf8mb4 COLLATE=utf8mb4_0900_ai_ci;

--
-- Dumping data for table `appname_product`
--

INSERT INTO `appname_product` (`id`, `name`, `category`, `base_price`, `active`) VALUES
(1, 'Samosa', 'SNACKS', 15.00, 1),
(2, 'Vada Pav', 'SNACKS', 20.00, 1),
(3, 'Chips (Lays)', 'SNACKS', 20.00, 1),
(4, 'Biscuits (Parle-G)', 'SNACKS', 10.00, 1),
(5, 'Banana', 'SNACKS', 5.00, 1),
(6, 'Peanuts', 'SNACKS', 10.00, 1),
(7, 'Tea', 'BEVERAGES', 10.00, 1),
(8, 'Coffee', 'BEVERAGES', 15.00, 1),
(9, 'Bottled Water', 'BEVERAGES', 20.00, 1),
(10, 'Coca Cola', 'BEVERAGES', 40.00, 1),
(11, 'Limca', 'BEVERAGES', 40.00, 1),
(12, 'Frooti', 'BEVERAGES', 20.00, 1),
(13, 'Veg Thali', 'MEALS', 80.00, 1),
(14, 'Non-Veg Thali', 'MEALS', 120.00, 1),
(15, 'Idli (2 pcs)', 'MEALS', 30.00, 1),
(16, 'Dosa', 'MEALS', 40.00, 1),
(17, 'Poha', 'MEALS', 25.00, 1),
(18, 'Upma', 'MEALS', 25.00, 1),
(19, 'The Hindu', 'NEWSPAPERS', 8.00, 1),
(20, 'Mathrubhumi', 'NEWSPAPERS', 6.00, 1),
(21, 'Malayala Manorama', 'NEWSPAPERS', 6.00, 1),
(22, 'India Today', 'NEWSPAPERS', 50.00, 1),
(23, 'Hand Sanitizer', 'TOILETRIES', 30.00, 1),
(24, 'Tissue Paper', 'TOILETRIES', 10.00, 1),
(25, 'Wet Wipes', 'TOILETRIES', 20.00, 1),
(26, 'Mobile Charger', 'MISC', 150.00, 1),
(27, 'Earphones', 'MISC', 100.00, 1),
(28, 'Pen', 'MISC', 10.00, 1),
(29, 'Notebook', 'MISC', 40.00, 1);

-- --------------------------------------------------------

--
-- Table structure for table `appname_station`
--

DROP TABLE IF EXISTS `appname_station`;
CREATE TABLE IF NOT EXISTS `appname_station` (
  `id` bigint NOT NULL AUTO_INCREMENT,
  `name` varchar(120) NOT NULL,
  `code` varchar(10) NOT NULL,
  PRIMARY KEY (`id`),
  UNIQUE KEY `name` (`name`),
  UNIQUE KEY `code` (`code`)
) ENGINE=MyISAM AUTO_INCREMENT=45 DEFAULT CHARSET=utf8mb4 COLLATE=utf8mb4_0900_ai_ci;

--
-- Dumping data for table `appname_station`
--

INSERT INTO `appname_station` (`id`, `name`, `code`) VALUES
(1, 'Thrissur Junction', 'TCR'),
(2, 'Mangaluru Central', 'MAQ'),
(3, 'Shoranur Junction', 'SRR'),
(4, 'Chennai Central', 'MAS'),
(5, 'Howrah Junction', 'HWH'),
(6, 'Kozhikode', 'CLT'),
(7, 'Kannur', 'CAN'),
(8, 'Kasaragod', 'KGQ'),
(9, 'Punkunnam', 'PNQ'),
(10, 'Wadakancheri', 'WKI'),
(11, 'Mullurkara', 'MUC'),
(12, 'Vallathol Nagar', 'VTK'),
(13, 'Ottappalam', 'OTP'),
(14, 'Palakkad Junction', 'PGT'),
(15, 'Coimbatore Junction', 'CBE'),
(16, 'Erode Junction', 'ED'),
(17, 'Salem Junction', 'SA'),
(18, 'Jolarpettai Junction', 'JTJ'),
(19, 'Katpadi Junction', 'KPD'),
(20, 'Ernakulam Junction', 'ERS'),
(21, 'Vijayawada Junction', 'BZA'),
(22, 'Bhubaneswar', 'BBS'),
(23, 'Kharagpur Junction', 'KGP'),
(24, 'Ollur', 'OLR'),
(25, 'Pudukkad', 'PUK'),
(26, 'Nellayi', 'NYI'),
(27, 'Irinjalakuda', 'IJK'),
(28, 'Chalakudi', 'CKI'),
(29, 'Divine Nagar', 'DINR'),
(30, 'Koratti Angadi', 'KRAN'),
(31, 'Karukkutty', 'KUC'),
(32, 'Angamali', 'AFK'),
(33, 'Chovvara', 'CWR'),
(34, 'Aluva', 'AWY'),
(35, 'Kalamassery', 'KLMR'),
(36, 'Edappally', 'IPL'),
(37, 'Ernakulam Town', 'ERN'),
(38, 'Alleppey', 'ALLP'),
(39, 'Kottayam', 'KTYM'),
(40, 'Chengannur', 'CNGR'),
(41, 'Kollam Junction', 'QLN'),
(42, 'Thiruvananthapuram Central', 'TVC'),
(43, 'Mulangunnathukavu', 'MGK'),
(44, 'Guruvayur', 'GUV');

-- --------------------------------------------------------

--
-- Table structure for table `appname_store`
--

DROP TABLE IF EXISTS `appname_store`;
CREATE TABLE IF NOT EXISTS `appname_store` (
  `id` bigint NOT NULL AUTO_INCREMENT,
  `name` varchar(100) NOT NULL,
  `active` tinyint(1) NOT NULL,
  `manager_id` bigint DEFAULT NULL,
  PRIMARY KEY (`id`),
  UNIQUE KEY `name` (`name`),
  KEY `appname_store_manager_id_44aa0db2` (`manager_id`)
) ENGINE=MyISAM AUTO_INCREMENT=7 DEFAULT CHARSET=utf8mb4 COLLATE=utf8mb4_0900_ai_ci;

--
-- Dumping data for table `appname_store`
--

INSERT INTO `appname_store` (`id`, `name`, `active`, `manager_id`) VALUES
(1, 'IRCTC Cafe', 1, NULL),
(2, 'Railway Book Stall', 1, NULL),
(3, 'Tea Point', 1, NULL),
(4, 'Fresh Bites', 1, NULL),
(5, 'Snack Junction', 1, NULL),
(6, 'Travel Mart', 1, NULL);

-- --------------------------------------------------------

--
-- Table structure for table `appname_storeinventory`
--

DROP TABLE IF EXISTS `appname_storeinventory`;
CREATE TABLE IF NOT EXISTS `appname_storeinventory` (
  `id` bigint NOT NULL AUTO_INCREMENT,
  `quantity` int NOT NULL,
  `reorder_level` int NOT NULL,
  `product_id` bigint NOT NULL,
  `store_id` bigint NOT NULL,
  PRIMARY KEY (`id`),
  UNIQUE KEY `appname_storeinventory_store_id_product_id_65c67639_uniq` (`store_id`,`product_id`),
  KEY `appname_storeinventory_product_id_631cd29b` (`product_id`),
  KEY `appname_storeinventory_store_id_463728b5` (`store_id`)
) ENGINE=MyISAM AUTO_INCREMENT=119 DEFAULT CHARSET=utf8mb4 COLLATE=utf8mb4_0900_ai_ci;

--
-- Dumping data for table `appname_storeinventory`
--

INSERT INTO `appname_storeinventory` (`id`, `quantity`, `reorder_level`, `product_id`, `store_id`) VALUES
(1, 35, 10, 26, 1),
(2, 92, 10, 6, 1),
(3, 23, 10, 13, 1),
(4, 24, 10, 8, 1),
(5, 40, 10, 23, 1),
(6, 98, 10, 3, 1),
(7, 76, 10, 27, 1),
(8, 94, 10, 20, 1),
(9, 66, 10, 18, 1),
(10, 57, 10, 24, 1),
(11, 88, 10, 15, 1),
(12, 75, 10, 14, 1),
(13, 74, 10, 19, 1),
(14, 45, 10, 7, 1),
(15, 79, 10, 2, 1),
(16, 54, 10, 21, 1),
(17, 64, 10, 10, 1),
(18, 85, 10, 12, 1),
(19, 31, 10, 5, 1),
(20, 70, 10, 16, 1),
(21, 24, 10, 22, 1),
(22, 21, 10, 4, 2),
(23, 92, 10, 10, 2),
(24, 53, 10, 27, 2),
(25, 41, 10, 5, 2),
(26, 33, 10, 1, 2),
(27, 60, 10, 23, 2),
(28, 27, 10, 11, 2),
(29, 54, 10, 24, 2),
(30, 100, 10, 2, 2),
(31, 25, 10, 20, 2),
(32, 25, 10, 26, 2),
(33, 55, 10, 22, 2),
(34, 79, 10, 16, 2),
(35, 95, 10, 28, 2),
(36, 50, 10, 21, 2),
(37, 47, 10, 6, 2),
(38, 55, 10, 9, 2),
(39, 21, 10, 15, 2),
(40, 48, 10, 19, 3),
(41, 57, 10, 15, 3),
(42, 38, 10, 11, 3),
(43, 75, 10, 23, 3),
(44, 87, 10, 27, 3),
(45, 91, 10, 13, 3),
(46, 38, 10, 29, 3),
(47, 96, 10, 18, 3),
(48, 20, 10, 7, 3),
(49, 28, 10, 21, 3),
(50, 75, 10, 3, 3),
(51, 97, 10, 6, 3),
(52, 20, 10, 12, 3),
(53, 97, 10, 26, 3),
(54, 28, 10, 25, 3),
(55, 35, 10, 5, 3),
(56, 68, 10, 10, 3),
(57, 100, 10, 16, 3),
(58, 33, 10, 8, 4),
(59, 63, 10, 28, 4),
(60, 47, 10, 13, 4),
(61, 57, 10, 16, 4),
(62, 86, 10, 5, 4),
(63, 89, 10, 11, 4),
(64, 76, 10, 4, 4),
(65, 94, 10, 29, 4),
(66, 57, 10, 7, 4),
(67, 85, 10, 17, 4),
(68, 38, 10, 9, 4),
(69, 87, 10, 24, 4),
(70, 77, 10, 12, 4),
(71, 28, 10, 10, 4),
(72, 62, 10, 3, 4),
(73, 80, 10, 14, 4),
(74, 47, 10, 27, 4),
(75, 95, 10, 15, 4),
(76, 35, 10, 19, 4),
(77, 96, 10, 22, 4),
(78, 74, 10, 19, 5),
(79, 66, 10, 11, 5),
(80, 73, 10, 12, 5),
(81, 20, 10, 14, 5),
(82, 91, 10, 27, 5),
(83, 70, 10, 15, 5),
(84, 78, 10, 21, 5),
(85, 98, 10, 29, 5),
(86, 89, 10, 25, 5),
(87, 65, 10, 6, 5),
(88, 73, 10, 17, 5),
(89, 67, 10, 7, 5),
(90, 25, 10, 9, 5),
(91, 47, 10, 10, 5),
(92, 59, 10, 23, 5),
(93, 48, 10, 26, 5),
(94, 38, 10, 18, 5),
(95, 65, 10, 28, 5),
(96, 24, 10, 1, 5),
(97, 38, 10, 13, 6),
(98, 49, 10, 5, 6),
(99, 70, 10, 7, 6),
(100, 87, 10, 9, 6),
(101, 36, 10, 1, 6),
(102, 95, 10, 29, 6),
(103, 68, 10, 18, 6),
(104, 68, 10, 16, 6),
(105, 52, 10, 23, 6),
(106, 60, 10, 11, 6),
(107, 94, 10, 2, 6),
(108, 95, 10, 27, 6),
(109, 63, 10, 3, 6),
(110, 47, 10, 14, 6),
(111, 61, 10, 10, 6),
(112, 58, 10, 24, 6),
(113, 34, 10, 12, 6),
(114, 71, 10, 6, 6),
(115, 97, 10, 15, 6),
(116, 36, 10, 22, 6),
(117, 8, 10, 9, 1),
(118, 18, 10, 11, 1);

-- --------------------------------------------------------

--
-- Table structure for table `appname_storepurchase`
--

DROP TABLE IF EXISTS `appname_storepurchase`;
CREATE TABLE IF NOT EXISTS `appname_storepurchase` (
  `id` bigint NOT NULL AUTO_INCREMENT,
  `quantity` int UNSIGNED NOT NULL,
  `unit_cost` decimal(10,2) NOT NULL,
  `total_cost` decimal(10,2) NOT NULL,
  `purchased_at` datetime(6) NOT NULL,
  `supplier` varchar(100) NOT NULL,
  `product_id` bigint NOT NULL,
  `purchased_by_id` bigint DEFAULT NULL,
  `store_id` bigint NOT NULL,
  PRIMARY KEY (`id`),
  KEY `appname_storepurchase_product_id_df8b343e` (`product_id`),
  KEY `appname_storepurchase_purchased_by_id_4c3e4b09` (`purchased_by_id`),
  KEY `appname_storepurchase_store_id_7b6dee3f` (`store_id`)
) ;

--
-- Dumping data for table `appname_storepurchase`
--

INSERT INTO `appname_storepurchase` (`id`, `quantity`, `unit_cost`, `total_cost`, `purchased_at`, `supplier`, `product_id`, `purchased_by_id`, `store_id`) VALUES
(1, 10, 540.00, 5400.00, '2026-02-16 04:18:53.480836', 'Railway Stores Depot', 10, 7, 1),
(2, 10, 20.00, 200.00, '2026-02-16 08:42:02.788627', 'Railway Stores Depot', 9, 7, 1),
(3, 10, 35.00, 350.00, '2026-02-16 08:53:10.557654', 'Railway Stores Depot', 11, 7, 1),
(4, 10, 40.00, 400.00, '2026-02-16 08:54:56.250195', 'Railway Stores Depot', 11, 7, 1);

-- --------------------------------------------------------

--
-- Table structure for table `appname_storesale`
--

DROP TABLE IF EXISTS `appname_storesale`;
CREATE TABLE IF NOT EXISTS `appname_storesale` (
  `id` bigint NOT NULL AUTO_INCREMENT,
  `item` varchar(100) NOT NULL,
  `qty` int UNSIGNED NOT NULL,
  `unit_price_inr` decimal(10,2) NOT NULL,
  `total_inr` decimal(10,2) NOT NULL,
  `sold_at` datetime(6) NOT NULL,
  `cashier_id` bigint DEFAULT NULL,
  `store_id` bigint NOT NULL,
  `product_id` bigint DEFAULT NULL,
  PRIMARY KEY (`id`),
  KEY `appname_storesale_cashier_id_7592d9c1` (`cashier_id`),
  KEY `appname_storesale_store_id_a7cdcdf3` (`store_id`),
  KEY `appname_storesale_product_id_d1cb9eff` (`product_id`)
) ;

--
-- Dumping data for table `appname_storesale`
--

INSERT INTO `appname_storesale` (`id`, `item`, `qty`, `unit_price_inr`, `total_inr`, `sold_at`, `cashier_id`, `store_id`, `product_id`) VALUES
(1, 'Coca Cola', 1, 40.00, 40.00, '2026-02-16 04:19:47.366859', 7, 1, 10),
(2, 'Frooti', 1, 20.00, 20.00, '2026-02-16 04:24:11.451725', 7, 1, 12),
(3, 'Coffee', 1, 15.00, 15.00, '2026-02-16 08:41:26.686032', 7, 1, 8),
(4, 'Coffee', 1, 15.00, 15.00, '2026-02-16 08:41:41.558995', 7, 1, 8),
(5, 'Tea', 1, 10.00, 10.00, '2026-02-16 08:41:48.052271', 7, 1, 7),
(6, 'Bottled Water', 1, 20.00, 20.00, '2026-02-16 08:42:07.518199', 7, 1, 9),
(7, 'Bottled Water', 1, 20.00, 20.00, '2026-02-16 08:50:15.256267', 7, 1, 9),
(8, 'Coca Cola', 1, 40.00, 40.00, '2026-02-16 08:52:50.012487', 7, 1, 10),
(9, 'Limca', 2, 40.00, 80.00, '2026-02-16 08:55:06.007478', 7, 1, 11),
(10, 'Coffee', 1, 15.00, 15.00, '2026-03-10 14:21:33.376143', 7, 1, 8);

-- --------------------------------------------------------

--
-- Table structure for table `appname_train`
--

DROP TABLE IF EXISTS `appname_train`;
CREATE TABLE IF NOT EXISTS `appname_train` (
  `id` bigint NOT NULL AUTO_INCREMENT,
  `number` varchar(10) NOT NULL,
  `name` varchar(100) NOT NULL,
  `train_type` varchar(6) NOT NULL,
  `bogie_type` varchar(10) NOT NULL,
  `available_coach_classes` varchar(100) NOT NULL,
  `is_superfast_ac` tinyint(1) NOT NULL,
  PRIMARY KEY (`id`),
  UNIQUE KEY `number` (`number`)
) ENGINE=MyISAM AUTO_INCREMENT=83 DEFAULT CHARSET=utf8mb4 COLLATE=utf8mb4_0900_ai_ci;

--
-- Dumping data for table `appname_train`
--

INSERT INTO `appname_train` (`id`, `number`, `name`, `train_type`, `bogie_type`, `available_coach_classes`, `is_superfast_ac`) VALUES
(1, '12601', 'Mangaluru Express', 'SF', 'LHB', 'GN,2S,SL,3A,2A,1A,CC,FC', 0),
(2, '12841', 'Coromandel Express', 'SF', 'LHB', 'GN,2S,SL,3A,2A,1A,CC,FC', 0),
(3, '22691', 'Rajdhani Express', 'SF', 'LHB', 'GN,2S,SL,3A,2A,1A,CC,FC', 0),
(4, '16001', 'Chennai Mail', 'EXP', 'ICF', 'GN,2S,SL,3A,2A,1A,CC,FC', 0),
(5, '06011', 'MEMU Special', 'MEMU', 'LHB', 'GN,2S,SL,3A,2A,1A,CC,FC', 0),
(6, 'GDM01', 'Goods Rake', 'GDS', 'BOXN', 'GN,2S,SL,3A,2A,1A,CC,FC', 0),
(7, '16603', 'Maveli Express', 'EXP', 'LHB', '1A,2A,3A,SL,2S', 0),
(9, '18568', 'QLN VSKP Weekly', 'EXP', 'LHB', '2A,3A,SL,2S', 0),
(10, '12697', 'MAS TVC Weekly SF', 'SF', 'LHB', '2A,3A,SL', 0),
(11, '12777', 'UBL TVCN SF Exp', 'SF', 'LHB', '2A,3A,SL', 0),
(12, '06164', 'MAJN TVCN Antyodaya', 'PASS', 'ICF', 'GN', 0),
(13, '22878', 'ERS HWH Antyodaya', 'PASS', 'ICF', 'GN', 0),
(14, '22838', 'Dharti Aaba AC SF', 'SF', 'LHB', '3A', 0),
(15, '07193', 'HYB QLN Special', 'EXP', 'LHB', '1A,2A,3A,SL,GN,2S', 0),
(16, '16604', 'Maveli Express', 'EXP', 'LHB', '1A,2A,3A,SL,2S', 0),
(17, '16327', 'MDU GUV Express', 'EXP', 'LHB', '1A,2A,3A,SL,GN,2S', 0),
(78, '16188', 'ERS KIK Express', 'EXP', 'LHB', '2A,3A,SL,GN', 0),
(20, '12695', 'MAS TVC Express', 'SF', 'LHB', '1A,2A,3A,SL,GN,2S', 0),
(21, '16356', 'MAJN KCVL Antyodaya', 'PASS', 'ICF', 'GN', 0),
(22, '16343', 'Amritha Express', 'EXP', 'LHB', '1A,2A,3A,SL,GN,2S', 0),
(23, '16381', 'Pune Cape Express', 'EXP', 'LHB', '1A,2A,3A,SL,GN,2S', 0),
(24, '16349', 'Rajya Rani Express', 'EXP', 'LHB', '1A,2A,3A,SL,GN,2S', 0),
(25, '16347', 'Mangalore Express', 'EXP', 'LHB', '1A,2A,3A,SL,GN,2S', 0),
(26, '16315', 'Mysuru Express', 'EXP', 'LHB', '1A,2A,3A,SL,GN,2S', 0),
(27, '06082', 'SRC TVCN SF Spl', 'SF', 'LHB', '1A,2A,3A,SL,GN,2S', 0),
(28, '16320', 'SMVB KCVL Humsafar', 'SF', 'LHB', 'CC,NCC,ECC', 0),
(29, '16341', 'GUV TVC Intercity', 'EXP', 'LHB', '1A,2A,3A,SL,GN,2S', 0),
(30, '16187', 'KIK ERS Express', 'EXP', 'LHB', '1A,2A,3A,SL,GN,2S', 0),
(31, '56361', 'SRR ERS Passenger', 'PASS', 'ICF', 'GN', 0),
(32, '16128', 'GUV MS Express', 'EXP', 'LHB', '1A,2A,3A,SL,GN,2S', 0),
(33, '16331', 'Trivandrum Express', 'EXP', 'LHB', '1A,2A,3A,SL,GN,2S', 0),
(34, '22115', 'LTT KRMI Express', 'EXP', 'LHB', '1A,2A,3A,SL,GN,2S', 0),
(35, '66320', 'ERS SRR MEMU', 'MEMU', 'ICF', 'GN', 0),
(36, '12484', 'ASR KCVL SF Exp', 'SF', 'LHB', '1A,2A,3A,SL,GN,2S', 0),
(37, '12202', 'LTT Garib Rath', 'SF', 'LHB', '3A', 0),
(38, '22640', 'Chennai SF Exp', 'SF', 'LHB', '1A,2A,3A,SL,GN,2S', 0),
(39, '56371', 'GUV ERS Passenger', 'PASS', 'ICF', 'GN', 0),
(40, '06439', 'GUV ERS Exp Spl', 'PASS', 'ICF', 'GN', 0),
(41, '56314', 'ERS GUV Passenger', 'PASS', 'ICF', 'GN', 0),
(42, '18567', 'VSKP QLN Express', 'EXP', 'LHB', '1A,2A,3A,SL,GN,2S', 0),
(43, '06151', 'MAS TN TOD Spl', 'EXP', 'LHB', '1A,2A,3A,SL,GN,2S', 0),
(44, '06438', 'ERS GUV Exp Spl', 'PASS', 'ICF', 'GN', 0),
(45, '12258', 'TVCN YPR Gr Exp', 'EXP', 'LHB', '3A', 0),
(46, '06797', 'PGT ERS MEMU', 'MEMU', 'ICF', 'GN', 0),
(47, '12512', 'Raptisagar Exp', 'EXP', 'LHB', '1A,2A,3A,SL,GN,2S', 0),
(48, '56373', 'GUV TCR Passenger', 'PASS', 'ICF', 'GN', 0),
(49, '22620', 'TEN BSP SF Exp', 'SF', 'LHB', '1A,2A,3A,SL,GN,2S', 0),
(50, '16378', 'SBC Intercity', 'EXP', 'LHB', 'CC,2S', 0),
(51, '56664', 'CLT TCR Passenger', 'PASS', 'ICF', 'GN', 0),
(52, '56374', 'TCR GUV Passenger', 'PASS', 'ICF', 'GN', 0),
(53, '17229', 'Sabari Express', 'EXP', 'LHB', '1A,2A,3A,SL,GN,2S', 0),
(54, '56624', 'SRR TCR Passenger', 'PASS', 'ICF', 'GN', 0),
(55, '56375', 'GUV ERS Passenger', 'PASS', 'ICF', 'GN', 0),
(56, '06447', 'GUV ERS Exp Spl', 'PASS', 'ICF', 'GN', 0),
(57, '06798', 'ERS PGT MEMU', 'MEMU', 'ICF', 'GN', 0),
(58, '56663', 'TCR CLT Passenger', 'PASS', 'ICF', 'GN', 0),
(59, '56043', 'GUV TCR Passenger', 'PASS', 'ICF', 'GN', 0),
(60, '22607', 'ERS BAND Special', 'EXP', 'LHB', '1A,2A,3A,SL,GN,2S', 0),
(61, '16306', 'CAN ERS Intercity', 'EXP', 'LHB', 'CC,2S', 0),
(62, '56044', 'TCR GUV Passenger', 'PASS', 'ICF', 'GN', 0),
(63, '06045', 'ERS RMM Express', 'EXP', 'LHB', '1A,2A,3A,SL,GN,2S', 0),
(64, '56364', 'ERS SRR Passenger', 'PASS', 'ICF', 'GN', 0),
(65, '16333', 'VRL TVC Express', 'EXP', 'LHB', '1A,2A,3A,SL,GN,2S', 0),
(66, '56376', 'ERS GUV Passenger', 'PASS', 'ICF', 'GN', 0),
(67, '16338', 'ERS OKHA Express', 'EXP', 'LHB', '1A,2A,3A,SL,GN,2S', 0),
(68, '16316', 'TVCN MYS Express', 'EXP', 'LHB', '1A,2A,3A,SL,GN,2S', 0),
(69, '16317', 'Himsagar Express', 'EXP', 'LHB', '1A,2A,3A,SL,GN,2S', 0),
(70, '16344', 'Amritha Express', 'EXP', 'LHB', '1A,2A,3A,SL,GN,2S', 0),
(71, '12696', 'TVC MAS Express', 'EXP', 'LHB', '1A,2A,3A,SL,GN,2S', 0),
(72, '06085', 'ERS PNBE Special', 'EXP', 'LHB', '1A,2A,3A,SL,GN,2S', 0),
(73, '56605', 'SRR TCR Passenger', 'PASS', 'ICF', 'GN', 0),
(74, '16342', 'TVC GUV Express', 'EXP', 'LHB', '1A,2A,3A,SL,GN,2S', 0),
(75, '16350', 'Rajya Rani Express', 'EXP', 'LHB', '1A,2A,3A,SL,GN,2S', 0),
(81, '16630', 'Malabar Express', 'EXP', 'LHB', '1A,2A,3A,SL,GN,2S', 0),
(82, '16629', 'Malabar Express', 'EXP', 'LHB', '1A,2A,3A,SL,GN,2S', 0);

-- --------------------------------------------------------

--
-- Table structure for table `appname_trainroutestop`
--

DROP TABLE IF EXISTS `appname_trainroutestop`;
CREATE TABLE IF NOT EXISTS `appname_trainroutestop` (
  `id` bigint NOT NULL AUTO_INCREMENT,
  `sequence` int UNSIGNED NOT NULL,
  `distance_km` decimal(6,2) NOT NULL,
  `station_id` bigint NOT NULL,
  `train_id` bigint NOT NULL,
  PRIMARY KEY (`id`),
  UNIQUE KEY `appname_trainroutestop_train_id_sequence_0d96ab5e_uniq` (`train_id`,`sequence`),
  KEY `appname_trainroutestop_station_id_84d6d04e` (`station_id`),
  KEY `appname_trainroutestop_train_id_015cb85d` (`train_id`)
) ;

--
-- Dumping data for table `appname_trainroutestop`
--

INSERT INTO `appname_trainroutestop` (`id`, `sequence`, `distance_km`, `station_id`, `train_id`) VALUES
(10, 2, 120.00, 6, 4),
(9, 1, 0.00, 1, 4),
(15, 2, 4.00, 9, 5),
(14, 1, 0.00, 1, 5),
(23, 2, 60.00, 3, 1),
(22, 1, 0.00, 1, 1),
(32, 2, 85.00, 20, 2),
(31, 1, 0.00, 1, 2),
(11, 3, 200.00, 7, 4),
(12, 4, 280.00, 8, 4),
(13, 5, 360.00, 2, 4),
(16, 3, 18.00, 10, 5),
(17, 4, 25.00, 11, 5),
(18, 5, 36.00, 12, 5),
(19, 6, 60.00, 3, 5),
(20, 7, 75.00, 13, 5),
(21, 8, 90.00, 14, 5),
(24, 3, 90.00, 14, 1),
(25, 4, 160.00, 15, 1),
(26, 5, 240.00, 16, 1),
(27, 6, 310.00, 17, 1),
(28, 7, 450.00, 18, 1),
(29, 8, 570.00, 19, 1),
(30, 9, 683.00, 4, 1),
(33, 3, 683.00, 4, 2),
(34, 4, 1100.00, 21, 2),
(35, 5, 1350.00, 22, 2),
(36, 6, 1550.00, 23, 2),
(37, 7, 1660.00, 5, 2),
(38, 1, 0.00, 1, 7),
(39, 2, 6.40, 24, 7),
(40, 3, 13.40, 25, 7),
(41, 4, 17.29, 26, 7),
(42, 5, 23.80, 27, 7),
(43, 6, 29.87, 28, 7),
(44, 7, 32.20, 29, 7),
(45, 8, 36.00, 30, 7),
(46, 9, 40.50, 31, 7),
(47, 10, 45.30, 32, 7),
(48, 11, 51.30, 33, 7),
(49, 12, 54.52, 34, 7),
(50, 13, 60.73, 35, 7),
(51, 14, 65.36, 36, 7),
(52, 15, 71.46, 37, 7),
(53, 16, 74.01, 20, 7),
(54, 17, 131.00, 38, 7),
(55, 18, 134.50, 39, 7),
(56, 19, 169.50, 40, 7),
(57, 20, 229.50, 41, 7),
(58, 21, 294.50, 42, 7),
(1065, 1, 0.00, 1, 81),
(1066, 2, 6.40, 24, 81),
(1067, 3, 13.40, 25, 81),
(1068, 4, 17.29, 26, 81),
(1069, 5, 23.80, 27, 81),
(1070, 6, 29.87, 28, 81),
(1071, 7, 32.20, 29, 81),
(1072, 8, 36.00, 30, 81),
(1073, 9, 40.50, 31, 81),
(1074, 10, 45.30, 32, 81),
(69, 1, 0.00, 1, 9),
(70, 2, 2.38, 9, 9),
(71, 3, 9.29, 43, 9),
(72, 4, 16.77, 10, 9),
(73, 5, 25.06, 11, 9),
(74, 6, 29.00, 12, 9),
(75, 7, 33.08, 3, 9),
(76, 8, 119.40, 6, 9),
(77, 9, 208.40, 7, 9),
(78, 10, 294.50, 8, 9),
(79, 1, 0.00, 1, 10),
(80, 2, 6.40, 24, 10),
(81, 3, 13.40, 25, 10),
(82, 4, 17.29, 26, 10),
(83, 5, 23.80, 27, 10),
(84, 6, 29.87, 28, 10),
(85, 7, 32.20, 29, 10),
(86, 8, 36.00, 30, 10),
(87, 9, 40.50, 31, 10),
(88, 10, 45.30, 32, 10),
(89, 11, 51.30, 33, 10),
(90, 12, 54.52, 34, 10),
(91, 13, 60.73, 35, 10),
(92, 14, 65.36, 36, 10),
(93, 15, 71.46, 37, 10),
(94, 16, 74.01, 20, 10),
(95, 17, 131.00, 38, 10),
(96, 18, 134.50, 39, 10),
(97, 19, 169.50, 40, 10),
(98, 20, 229.50, 41, 10),
(99, 21, 294.50, 42, 10),
(100, 1, 0.00, 1, 11),
(101, 2, 2.38, 9, 11),
(102, 3, 9.29, 43, 11),
(103, 4, 16.77, 10, 11),
(104, 5, 25.06, 11, 11),
(105, 6, 29.00, 12, 11),
(106, 7, 33.08, 3, 11),
(107, 8, 119.40, 6, 11),
(108, 9, 208.40, 7, 11),
(109, 10, 294.50, 8, 11),
(110, 1, 0.00, 1, 12),
(111, 2, 2.38, 9, 12),
(112, 3, 9.29, 43, 12),
(113, 4, 16.77, 10, 12),
(114, 5, 25.06, 11, 12),
(115, 6, 29.00, 12, 12),
(116, 7, 33.08, 3, 12),
(117, 8, 119.40, 6, 12),
(118, 9, 208.40, 7, 12),
(119, 10, 294.50, 8, 12),
(120, 1, 0.00, 1, 13),
(121, 2, 2.38, 9, 13),
(122, 3, 9.29, 43, 13),
(123, 4, 16.77, 10, 13),
(124, 5, 25.06, 11, 13),
(125, 6, 29.00, 12, 13),
(126, 7, 33.08, 3, 13),
(127, 8, 119.40, 6, 13),
(128, 9, 208.40, 7, 13),
(129, 10, 294.50, 8, 13),
(130, 1, 0.00, 1, 14),
(131, 2, 2.38, 9, 14),
(132, 3, 9.29, 43, 14),
(133, 4, 16.77, 10, 14),
(134, 5, 25.06, 11, 14),
(135, 6, 29.00, 12, 14),
(136, 7, 33.08, 3, 14),
(137, 8, 119.40, 6, 14),
(138, 9, 208.40, 7, 14),
(139, 10, 294.50, 8, 14),
(140, 1, 0.00, 1, 15),
(141, 2, 6.40, 24, 15),
(142, 3, 13.40, 25, 15),
(143, 4, 17.29, 26, 15),
(144, 5, 23.80, 27, 15),
(145, 6, 29.87, 28, 15),
(146, 7, 32.20, 29, 15),
(147, 8, 36.00, 30, 15),
(148, 9, 40.50, 31, 15),
(149, 10, 45.30, 32, 15),
(150, 11, 51.30, 33, 15),
(151, 12, 54.52, 34, 15),
(152, 13, 60.73, 35, 15),
(153, 14, 65.36, 36, 15),
(154, 15, 71.46, 37, 15),
(155, 16, 74.01, 20, 15),
(156, 17, 131.00, 38, 15),
(157, 18, 134.50, 39, 15),
(158, 19, 169.50, 40, 15),
(159, 20, 229.50, 41, 15),
(160, 1, 0.00, 1, 16),
(161, 2, 2.38, 9, 16),
(162, 3, 9.29, 43, 16),
(163, 4, 16.77, 10, 16),
(164, 5, 25.06, 11, 16),
(165, 6, 29.00, 12, 16),
(166, 7, 33.08, 3, 16),
(167, 8, 119.40, 6, 16),
(168, 9, 208.40, 7, 16),
(169, 10, 294.50, 8, 16),
(1161, 2, 24.00, 44, 17),
(1160, 1, 0.00, 1, 17),
(998, 10, 294.50, 8, 78),
(997, 9, 208.40, 7, 78),
(996, 8, 119.40, 6, 78),
(995, 7, 33.08, 3, 78),
(994, 6, 29.00, 12, 78),
(993, 5, 25.06, 11, 78),
(992, 4, 16.77, 10, 78),
(991, 3, 9.29, 43, 78),
(990, 2, 2.38, 9, 78),
(989, 1, 0.00, 1, 78),
(1075, 11, 51.30, 33, 81),
(1076, 12, 54.52, 34, 81),
(1077, 13, 60.73, 35, 81),
(1078, 14, 65.36, 36, 81),
(1079, 15, 71.46, 37, 81),
(1080, 16, 74.01, 20, 81),
(1081, 17, 131.00, 38, 81),
(1082, 18, 134.50, 39, 81),
(1083, 19, 169.50, 40, 81),
(1084, 20, 229.50, 41, 81),
(1085, 21, 294.50, 42, 81),
(1086, 1, 0.00, 1, 82),
(1087, 2, 2.38, 9, 82),
(1088, 3, 9.29, 43, 82),
(1089, 4, 16.77, 10, 82),
(1090, 5, 25.06, 11, 82),
(1091, 6, 29.00, 12, 82),
(1092, 7, 33.08, 3, 82),
(1093, 8, 119.40, 6, 82),
(1094, 9, 208.40, 7, 82),
(1095, 10, 294.50, 8, 82),
(203, 1, 0.00, 1, 20),
(204, 2, 6.40, 24, 20),
(205, 3, 13.40, 25, 20),
(206, 4, 17.29, 26, 20),
(207, 5, 23.80, 27, 20),
(208, 6, 29.87, 28, 20),
(209, 7, 32.20, 29, 20),
(210, 8, 36.00, 30, 20),
(211, 9, 40.50, 31, 20),
(212, 10, 45.30, 32, 20),
(213, 11, 51.30, 33, 20),
(214, 12, 54.52, 34, 20),
(215, 13, 60.73, 35, 20),
(216, 14, 65.36, 36, 20),
(217, 15, 71.46, 37, 20),
(218, 16, 74.01, 20, 20),
(219, 17, 131.00, 38, 20),
(220, 18, 134.50, 39, 20),
(221, 19, 169.50, 40, 20),
(222, 20, 229.50, 41, 20),
(223, 21, 294.50, 42, 20),
(224, 1, 0.00, 1, 21),
(225, 2, 2.38, 9, 21),
(226, 3, 9.29, 43, 21),
(227, 4, 16.77, 10, 21),
(228, 5, 25.06, 11, 21),
(229, 6, 29.00, 12, 21),
(230, 7, 33.08, 3, 21),
(231, 8, 119.40, 6, 21),
(232, 9, 208.40, 7, 21),
(233, 10, 294.50, 8, 21),
(234, 1, 0.00, 1, 22),
(235, 2, 2.38, 9, 22),
(236, 3, 9.29, 43, 22),
(237, 4, 16.77, 10, 22),
(238, 5, 25.06, 11, 22),
(239, 6, 29.00, 12, 22),
(240, 7, 33.08, 3, 22),
(241, 8, 119.40, 6, 22),
(242, 9, 208.40, 7, 22),
(243, 10, 294.50, 8, 22),
(244, 1, 0.00, 1, 23),
(245, 2, 2.38, 9, 23),
(246, 3, 9.29, 43, 23),
(247, 4, 16.77, 10, 23),
(248, 5, 25.06, 11, 23),
(249, 6, 29.00, 12, 23),
(250, 7, 33.08, 3, 23),
(251, 8, 119.40, 6, 23),
(252, 9, 208.40, 7, 23),
(253, 10, 294.50, 8, 23),
(254, 1, 0.00, 1, 24),
(255, 2, 2.38, 9, 24),
(256, 3, 9.29, 43, 24),
(257, 4, 16.77, 10, 24),
(258, 5, 25.06, 11, 24),
(259, 6, 29.00, 12, 24),
(260, 7, 33.08, 3, 24),
(261, 8, 119.40, 6, 24),
(262, 9, 208.40, 7, 24),
(263, 10, 294.50, 8, 24),
(264, 1, 0.00, 1, 25),
(265, 2, 2.38, 9, 25),
(266, 3, 9.29, 43, 25),
(267, 4, 16.77, 10, 25),
(268, 5, 25.06, 11, 25),
(269, 6, 29.00, 12, 25),
(270, 7, 33.08, 3, 25),
(271, 8, 119.40, 6, 25),
(272, 9, 208.40, 7, 25),
(273, 10, 294.50, 8, 25),
(274, 1, 0.00, 1, 26),
(275, 2, 2.38, 9, 26),
(276, 3, 9.29, 43, 26),
(277, 4, 16.77, 10, 26),
(278, 5, 25.06, 11, 26),
(279, 6, 29.00, 12, 26),
(280, 7, 33.08, 3, 26),
(281, 8, 119.40, 6, 26),
(282, 9, 208.40, 7, 26),
(283, 10, 294.50, 8, 26),
(284, 1, 0.00, 1, 27),
(285, 2, 2.38, 9, 27),
(286, 3, 9.29, 43, 27),
(287, 4, 16.77, 10, 27),
(288, 5, 25.06, 11, 27),
(289, 6, 29.00, 12, 27),
(290, 7, 33.08, 3, 27),
(291, 8, 119.40, 6, 27),
(292, 9, 208.40, 7, 27),
(293, 10, 294.50, 8, 27),
(294, 1, 0.00, 1, 28),
(295, 2, 2.38, 9, 28),
(296, 3, 9.29, 43, 28),
(297, 4, 16.77, 10, 28),
(298, 5, 25.06, 11, 28),
(299, 6, 29.00, 12, 28),
(300, 7, 33.08, 3, 28),
(301, 8, 119.40, 6, 28),
(302, 9, 208.40, 7, 28),
(303, 10, 294.50, 8, 28),
(1163, 2, 24.00, 44, 29),
(1162, 1, 0.00, 1, 29),
(306, 1, 0.00, 1, 30),
(307, 2, 6.40, 24, 30),
(308, 3, 13.40, 25, 30),
(309, 4, 17.29, 26, 30),
(310, 5, 23.80, 27, 30),
(311, 6, 29.87, 28, 30),
(312, 7, 32.20, 29, 30),
(313, 8, 36.00, 30, 30),
(314, 9, 40.50, 31, 30),
(315, 10, 45.30, 32, 30),
(316, 11, 51.30, 33, 30),
(317, 12, 54.52, 34, 30),
(318, 13, 60.73, 35, 30),
(319, 14, 65.36, 36, 30),
(320, 15, 71.46, 37, 30),
(321, 16, 74.01, 20, 30),
(322, 1, 0.00, 1, 31),
(323, 2, 6.40, 24, 31),
(324, 3, 13.40, 25, 31),
(325, 4, 17.29, 26, 31),
(326, 5, 23.80, 27, 31),
(327, 6, 29.87, 28, 31),
(328, 7, 32.20, 29, 31),
(329, 8, 36.00, 30, 31),
(330, 9, 40.50, 31, 31),
(331, 10, 45.30, 32, 31),
(332, 11, 51.30, 33, 31),
(333, 12, 54.52, 34, 31),
(334, 13, 60.73, 35, 31),
(335, 14, 65.36, 36, 31),
(336, 15, 71.46, 37, 31),
(337, 16, 74.01, 20, 31),
(1192, 2, 24.00, 44, 32),
(1191, 1, 0.00, 1, 32),
(340, 1, 0.00, 1, 33),
(341, 2, 6.40, 24, 33),
(342, 3, 13.40, 25, 33),
(343, 4, 17.29, 26, 33),
(344, 5, 23.80, 27, 33),
(345, 6, 29.87, 28, 33),
(346, 7, 32.20, 29, 33),
(347, 8, 36.00, 30, 33),
(348, 9, 40.50, 31, 33),
(349, 10, 45.30, 32, 33),
(350, 11, 51.30, 33, 33),
(351, 12, 54.52, 34, 33),
(352, 13, 60.73, 35, 33),
(353, 14, 65.36, 36, 33),
(354, 15, 71.46, 37, 33),
(355, 16, 74.01, 20, 33),
(356, 17, 131.00, 38, 33),
(357, 18, 134.50, 39, 33),
(358, 19, 169.50, 40, 33),
(359, 20, 229.50, 41, 33),
(360, 21, 294.50, 42, 33),
(361, 1, 0.00, 1, 34),
(362, 2, 2.38, 9, 34),
(363, 3, 9.29, 43, 34),
(364, 4, 16.77, 10, 34),
(365, 5, 25.06, 11, 34),
(366, 6, 29.00, 12, 34),
(367, 7, 33.08, 3, 34),
(368, 8, 119.40, 6, 34),
(369, 9, 208.40, 7, 34),
(370, 10, 294.50, 8, 34),
(371, 1, 0.00, 1, 35),
(372, 2, 2.38, 9, 35),
(373, 3, 9.29, 43, 35),
(374, 4, 16.77, 10, 35),
(375, 5, 25.06, 11, 35),
(376, 6, 29.00, 12, 35),
(377, 7, 33.08, 3, 35),
(378, 1, 0.00, 1, 36),
(379, 2, 2.38, 9, 36),
(380, 3, 9.29, 43, 36),
(381, 4, 16.77, 10, 36),
(382, 5, 25.06, 11, 36),
(383, 6, 29.00, 12, 36),
(384, 7, 33.08, 3, 36),
(385, 8, 119.40, 6, 36),
(386, 9, 208.40, 7, 36),
(387, 10, 294.50, 8, 36),
(388, 1, 0.00, 1, 37),
(389, 2, 2.38, 9, 37),
(390, 3, 9.29, 43, 37),
(391, 4, 16.77, 10, 37),
(392, 5, 25.06, 11, 37),
(393, 6, 29.00, 12, 37),
(394, 7, 33.08, 3, 37),
(395, 8, 119.40, 6, 37),
(396, 9, 208.40, 7, 37),
(397, 10, 294.50, 8, 37),
(398, 1, 0.00, 1, 38),
(399, 2, 2.38, 9, 38),
(400, 3, 9.29, 43, 38),
(401, 4, 16.77, 10, 38),
(402, 5, 25.06, 11, 38),
(403, 6, 29.00, 12, 38),
(404, 7, 33.08, 3, 38),
(405, 8, 119.40, 6, 38),
(406, 9, 208.40, 7, 38),
(407, 10, 294.50, 8, 38),
(1166, 1, 0.00, 1, 39),
(1167, 2, 24.00, 44, 39),
(1168, 1, 0.00, 1, 40),
(1169, 2, 24.00, 44, 40),
(1171, 2, 24.00, 44, 41),
(1170, 1, 0.00, 1, 41),
(414, 1, 0.00, 1, 42),
(415, 2, 6.40, 24, 42),
(416, 3, 13.40, 25, 42),
(417, 4, 17.29, 26, 42),
(418, 5, 23.80, 27, 42),
(419, 6, 29.87, 28, 42),
(420, 7, 32.20, 29, 42),
(421, 8, 36.00, 30, 42),
(422, 9, 40.50, 31, 42),
(423, 10, 45.30, 32, 42),
(424, 11, 51.30, 33, 42),
(425, 12, 54.52, 34, 42),
(426, 13, 60.73, 35, 42),
(427, 14, 65.36, 36, 42),
(428, 15, 71.46, 37, 42),
(429, 16, 74.01, 20, 42),
(430, 17, 131.00, 38, 42),
(431, 18, 134.50, 39, 42),
(432, 19, 169.50, 40, 42),
(433, 20, 229.50, 41, 42),
(434, 1, 0.00, 1, 43),
(435, 2, 2.38, 9, 43),
(436, 3, 9.29, 43, 43),
(437, 4, 16.77, 10, 43),
(438, 5, 25.06, 11, 43),
(439, 6, 29.00, 12, 43),
(440, 7, 33.08, 3, 43),
(441, 8, 119.40, 6, 43),
(442, 9, 208.40, 7, 43),
(443, 10, 294.50, 8, 43),
(1173, 2, 24.00, 44, 44),
(1172, 1, 0.00, 1, 44),
(446, 1, 0.00, 1, 45),
(447, 2, 2.38, 9, 45),
(448, 3, 9.29, 43, 45),
(449, 4, 16.77, 10, 45),
(450, 5, 25.06, 11, 45),
(451, 6, 29.00, 12, 45),
(452, 7, 33.08, 3, 45),
(453, 8, 119.40, 6, 45),
(454, 9, 208.40, 7, 45),
(455, 10, 294.50, 8, 45),
(456, 1, 0.00, 1, 46),
(457, 2, 6.40, 24, 46),
(458, 3, 13.40, 25, 46),
(459, 4, 17.29, 26, 46),
(460, 5, 23.80, 27, 46),
(461, 6, 29.87, 28, 46),
(462, 7, 32.20, 29, 46),
(463, 8, 36.00, 30, 46),
(464, 9, 40.50, 31, 46),
(465, 10, 45.30, 32, 46),
(466, 11, 51.30, 33, 46),
(467, 12, 54.52, 34, 46),
(468, 13, 60.73, 35, 46),
(469, 14, 65.36, 36, 46),
(470, 15, 71.46, 37, 46),
(471, 16, 74.01, 20, 46),
(472, 1, 0.00, 1, 47),
(473, 2, 2.38, 9, 47),
(474, 3, 9.29, 43, 47),
(475, 4, 16.77, 10, 47),
(476, 5, 25.06, 11, 47),
(477, 6, 29.00, 12, 47),
(478, 7, 33.08, 3, 47),
(479, 8, 119.40, 6, 47),
(480, 9, 208.40, 7, 47),
(481, 10, 294.50, 8, 47),
(1174, 1, 0.00, 1, 48),
(483, 1, 0.00, 1, 49),
(484, 2, 2.38, 9, 49),
(485, 3, 9.29, 43, 49),
(486, 4, 16.77, 10, 49),
(487, 5, 25.06, 11, 49),
(488, 6, 29.00, 12, 49),
(489, 7, 33.08, 3, 49),
(490, 8, 119.40, 6, 49),
(491, 9, 208.40, 7, 49),
(492, 10, 294.50, 8, 49),
(493, 1, 0.00, 1, 50),
(494, 2, 2.38, 9, 50),
(495, 3, 9.29, 43, 50),
(496, 4, 16.77, 10, 50),
(497, 5, 25.06, 11, 50),
(498, 6, 29.00, 12, 50),
(499, 7, 33.08, 3, 50),
(500, 8, 119.40, 6, 50),
(501, 9, 208.40, 7, 50),
(502, 10, 294.50, 8, 50),
(1175, 1, 0.00, 1, 51),
(1176, 1, 0.00, 1, 52),
(1177, 2, 24.00, 44, 52),
(506, 1, 0.00, 1, 53),
(507, 2, 2.38, 9, 53),
(508, 3, 9.29, 43, 53),
(509, 4, 16.77, 10, 53),
(510, 5, 25.06, 11, 53),
(511, 6, 29.00, 12, 53),
(512, 7, 33.08, 3, 53),
(513, 8, 119.40, 6, 53),
(514, 9, 208.40, 7, 53),
(515, 10, 294.50, 8, 53),
(1178, 1, 0.00, 1, 54),
(1179, 1, 0.00, 1, 55),
(1180, 2, 24.00, 44, 55),
(1182, 2, 24.00, 44, 56),
(1181, 1, 0.00, 1, 56),
(521, 1, 0.00, 1, 57),
(522, 2, 2.38, 9, 57),
(523, 3, 9.29, 43, 57),
(524, 4, 16.77, 10, 57),
(525, 5, 25.06, 11, 57),
(526, 6, 29.00, 12, 57),
(527, 7, 33.08, 3, 57),
(528, 8, 119.40, 6, 57),
(529, 9, 208.40, 7, 57),
(530, 10, 294.50, 8, 57),
(531, 1, 0.00, 1, 58),
(532, 2, 2.38, 9, 58),
(533, 3, 9.29, 43, 58),
(534, 4, 16.77, 10, 58),
(535, 5, 25.06, 11, 58),
(536, 6, 29.00, 12, 58),
(537, 7, 33.08, 3, 58),
(538, 8, 119.40, 6, 58),
(1183, 1, 0.00, 1, 59),
(540, 1, 0.00, 1, 60),
(541, 2, 2.38, 9, 60),
(542, 3, 9.29, 43, 60),
(543, 4, 16.77, 10, 60),
(544, 5, 25.06, 11, 60),
(545, 6, 29.00, 12, 60),
(546, 7, 33.08, 3, 60),
(547, 8, 119.40, 6, 60),
(548, 9, 208.40, 7, 60),
(549, 10, 294.50, 8, 60),
(550, 1, 0.00, 1, 61),
(551, 2, 6.40, 24, 61),
(552, 3, 13.40, 25, 61),
(553, 4, 17.29, 26, 61),
(554, 5, 23.80, 27, 61),
(555, 6, 29.87, 28, 61),
(556, 7, 32.20, 29, 61),
(557, 8, 36.00, 30, 61),
(558, 9, 40.50, 31, 61),
(559, 10, 45.30, 32, 61),
(560, 11, 51.30, 33, 61),
(561, 12, 54.52, 34, 61),
(562, 13, 60.73, 35, 61),
(563, 14, 65.36, 36, 61),
(564, 15, 71.46, 37, 61),
(565, 16, 74.01, 20, 61),
(1184, 1, 0.00, 1, 62),
(1185, 2, 24.00, 44, 62),
(568, 1, 0.00, 1, 63),
(569, 2, 2.38, 9, 63),
(570, 3, 9.29, 43, 63),
(571, 4, 16.77, 10, 63),
(572, 5, 25.06, 11, 63),
(573, 6, 29.00, 12, 63),
(574, 7, 33.08, 3, 63),
(575, 8, 119.40, 6, 63),
(576, 9, 208.40, 7, 63),
(577, 10, 294.50, 8, 63),
(578, 1, 0.00, 1, 64),
(579, 2, 2.38, 9, 64),
(580, 3, 9.29, 43, 64),
(581, 4, 16.77, 10, 64),
(582, 5, 25.06, 11, 64),
(583, 6, 29.00, 12, 64),
(584, 7, 33.08, 3, 64),
(585, 1, 0.00, 1, 65),
(586, 2, 6.40, 24, 65),
(587, 3, 13.40, 25, 65),
(588, 4, 17.29, 26, 65),
(589, 5, 23.80, 27, 65),
(590, 6, 29.87, 28, 65),
(591, 7, 32.20, 29, 65),
(592, 8, 36.00, 30, 65),
(593, 9, 40.50, 31, 65),
(594, 10, 45.30, 32, 65),
(595, 11, 51.30, 33, 65),
(596, 12, 54.52, 34, 65),
(597, 13, 60.73, 35, 65),
(598, 14, 65.36, 36, 65),
(599, 15, 71.46, 37, 65),
(600, 16, 74.01, 20, 65),
(601, 17, 131.00, 38, 65),
(602, 18, 134.50, 39, 65),
(603, 19, 169.50, 40, 65),
(604, 20, 229.50, 41, 65),
(605, 21, 294.50, 42, 65),
(1186, 1, 0.00, 1, 66),
(1187, 2, 24.00, 44, 66),
(608, 1, 0.00, 1, 67),
(609, 2, 2.38, 9, 67),
(610, 3, 9.29, 43, 67),
(611, 4, 16.77, 10, 67),
(612, 5, 25.06, 11, 67),
(613, 6, 29.00, 12, 67),
(614, 7, 33.08, 3, 67),
(615, 8, 119.40, 6, 67),
(616, 9, 208.40, 7, 67),
(617, 10, 294.50, 8, 67),
(618, 1, 0.00, 1, 68),
(619, 2, 2.38, 9, 68),
(620, 3, 9.29, 43, 68),
(621, 4, 16.77, 10, 68),
(622, 5, 25.06, 11, 68),
(623, 6, 29.00, 12, 68),
(624, 7, 33.08, 3, 68),
(625, 8, 119.40, 6, 68),
(626, 9, 208.40, 7, 68),
(627, 10, 294.50, 8, 68),
(628, 1, 0.00, 1, 69),
(629, 2, 2.38, 9, 69),
(630, 3, 9.29, 43, 69),
(631, 4, 16.77, 10, 69),
(632, 5, 25.06, 11, 69),
(633, 6, 29.00, 12, 69),
(634, 7, 33.08, 3, 69),
(635, 8, 119.40, 6, 69),
(636, 9, 208.40, 7, 69),
(637, 10, 294.50, 8, 69),
(638, 1, 0.00, 1, 70),
(639, 2, 6.40, 24, 70),
(640, 3, 13.40, 25, 70),
(641, 4, 17.29, 26, 70),
(642, 5, 23.80, 27, 70),
(643, 6, 29.87, 28, 70),
(644, 7, 32.20, 29, 70),
(645, 8, 36.00, 30, 70),
(646, 9, 40.50, 31, 70),
(647, 10, 45.30, 32, 70),
(648, 11, 51.30, 33, 70),
(649, 12, 54.52, 34, 70),
(650, 13, 60.73, 35, 70),
(651, 14, 65.36, 36, 70),
(652, 15, 71.46, 37, 70),
(653, 16, 74.01, 20, 70),
(654, 17, 131.00, 38, 70),
(655, 18, 134.50, 39, 70),
(656, 19, 169.50, 40, 70),
(657, 20, 229.50, 41, 70),
(658, 21, 294.50, 42, 70),
(659, 1, 0.00, 1, 71),
(660, 2, 2.38, 9, 71),
(661, 3, 9.29, 43, 71),
(662, 4, 16.77, 10, 71),
(663, 5, 25.06, 11, 71),
(664, 6, 29.00, 12, 71),
(665, 7, 33.08, 3, 71),
(666, 8, 119.40, 6, 71),
(667, 9, 208.40, 7, 71),
(668, 10, 294.50, 8, 71),
(669, 1, 0.00, 1, 72),
(670, 2, 2.38, 9, 72),
(671, 3, 9.29, 43, 72),
(672, 4, 16.77, 10, 72),
(673, 5, 25.06, 11, 72),
(674, 6, 29.00, 12, 72),
(675, 7, 33.08, 3, 72),
(676, 8, 119.40, 6, 72),
(677, 9, 208.40, 7, 72),
(678, 10, 294.50, 8, 72),
(1188, 1, 0.00, 1, 73),
(1190, 2, 24.00, 44, 74),
(1189, 1, 0.00, 1, 74),
(682, 1, 0.00, 1, 75),
(683, 2, 2.38, 9, 75),
(684, 3, 9.29, 43, 75),
(685, 4, 16.77, 10, 75),
(686, 5, 25.06, 11, 75),
(687, 6, 29.00, 12, 75),
(688, 7, 33.08, 3, 75),
(689, 8, 119.40, 6, 75),
(690, 9, 208.40, 7, 75),
(691, 10, 294.50, 8, 75);

-- --------------------------------------------------------

--
-- Table structure for table `appname_trainschedule`
--

DROP TABLE IF EXISTS `appname_trainschedule`;
CREATE TABLE IF NOT EXISTS `appname_trainschedule` (
  `id` bigint NOT NULL AUTO_INCREMENT,
  `service_date` date NOT NULL,
  `scheduled_time` time(6) NOT NULL,
  `sequence` int UNSIGNED NOT NULL,
  `direction` varchar(6) NOT NULL,
  `track_type` varchar(12) NOT NULL,
  `stops` tinyint(1) NOT NULL,
  `delay_minutes` int UNSIGNED NOT NULL,
  `train_id` bigint NOT NULL,
  PRIMARY KEY (`id`),
  UNIQUE KEY `appname_trainschedule_train_id_service_date_di_bb7c45f2_uniq` (`train_id`,`service_date`,`direction`,`scheduled_time`),
  KEY `appname_trainschedule_train_id_f437b1e7` (`train_id`)
) ;

--
-- Dumping data for table `appname_trainschedule`
--

INSERT INTO `appname_trainschedule` (`id`, `service_date`, `scheduled_time`, `sequence`, `direction`, `track_type`, `stops`, `delay_minutes`, `train_id`) VALUES
(1, '2026-02-13', '06:30:00.000000', 1, 'UP', 'PLATFORM2', 1, 0, 1),
(2, '2026-02-13', '09:15:00.000000', 2, 'DOWN', 'PLATFORM1', 1, 0, 2),
(3, '2026-02-13', '12:10:00.000000', 3, 'UP', 'PLATFORM2', 1, 0, 3),
(4, '2026-02-13', '16:45:00.000000', 4, 'DOWN', 'MAIN', 1, 0, 4),
(5, '2026-02-13', '18:05:00.000000', 5, 'UP', 'PLATFORM1', 1, 0, 5),
(6, '2026-02-13', '20:30:00.000000', 6, 'UP', 'GOODS', 1, 0, 6),
(8, '2026-02-15', '06:15:00.000000', 0, 'UP', 'PLATFORM1', 1, 0, 1),
(9, '2026-02-15', '18:45:00.000000', 0, 'DOWN', 'PLATFORM2', 1, 0, 1),
(10, '2026-02-15', '07:30:00.000000', 0, 'UP', 'PLATFORM1', 1, 0, 2),
(11, '2026-02-15', '20:15:00.000000', 0, 'DOWN', 'PLATFORM2', 1, 0, 2),
(12, '2026-02-15', '09:00:00.000000', 0, 'UP', 'MAIN', 1, 0, 3),
(13, '2026-02-15', '22:30:00.000000', 0, 'DOWN', 'MAIN', 1, 0, 3),
(14, '2026-02-15', '11:45:00.000000', 0, 'UP', 'PLATFORM1', 1, 0, 4),
(15, '2026-02-15', '11:00:00.000000', 0, 'DOWN', 'PLATFORM2', 1, 0, 4),
(16, '2026-02-15', '06:00:00.000000', 0, 'UP', 'MAIN', 1, 0, 5),
(17, '2026-02-15', '08:30:00.000000', 0, 'UP', 'MAIN', 1, 0, 5),
(18, '2026-02-15', '16:00:00.000000', 0, 'DOWN', 'MAIN', 1, 0, 5),
(19, '2026-02-15', '19:30:00.000000', 0, 'DOWN', 'MAIN', 1, 0, 5),
(20, '2026-02-15', '12:00:00.000000', 0, 'UP', 'GOODS', 0, 0, 6),
(21, '2026-02-15', '02:00:00.000000', 0, 'DOWN', 'GOODS', 0, 0, 6),
(22, '2026-02-16', '06:15:00.000000', 0, 'UP', 'PLATFORM2', 1, 0, 1),
(23, '2026-02-16', '07:30:00.000000', 0, 'UP', 'PLATFORM2', 1, 0, 2),
(24, '2026-02-16', '09:00:00.000000', 0, 'UP', 'MAIN', 0, 0, 3),
(25, '2026-02-16', '11:45:00.000000', 0, 'UP', 'PLATFORM2', 1, 0, 4),
(26, '2026-02-16', '06:00:00.000000', 0, 'UP', 'PLATFORM2', 1, 0, 5),
(27, '2026-02-16', '08:30:00.000000', 0, 'UP', 'PLATFORM2', 1, 0, 5),
(28, '2026-02-16', '12:00:00.000000', 0, 'UP', 'MAIN', 0, 0, 6),
(29, '2026-02-16', '18:45:00.000000', 0, 'DOWN', 'PLATFORM1', 1, 0, 1),
(30, '2026-02-16', '20:15:00.000000', 0, 'DOWN', 'PLATFORM1', 1, 0, 2),
(31, '2026-02-16', '22:30:00.000000', 0, 'DOWN', 'MAIN', 0, 0, 3),
(32, '2026-02-16', '11:00:00.000000', 0, 'DOWN', 'PLATFORM1', 1, 0, 4),
(33, '2026-02-16', '16:00:00.000000', 0, 'DOWN', 'PLATFORM1', 1, 0, 5),
(34, '2026-02-16', '19:30:00.000000', 0, 'DOWN', 'PLATFORM1', 1, 0, 5),
(35, '2026-02-16', '02:00:00.000000', 0, 'DOWN', 'MAIN', 0, 0, 6),
(771, '2026-02-26', '00:10:00.000000', 1, 'DOWN', 'PLATFORM1', 1, 0, 7),
(770, '2026-02-21', '23:43:00.000000', 1, 'UP', 'PLATFORM2', 1, 0, 32),
(769, '2026-02-21', '23:28:00.000000', 1, 'DOWN', 'PLATFORM1', 1, 0, 75),
(768, '2026-02-21', '23:14:00.000000', 1, 'DOWN', 'PLATFORM1', 1, 0, 74),
(767, '2026-02-21', '23:10:00.000000', 1, 'UP', 'PLATFORM2', 1, 0, 73),
(766, '2026-02-21', '22:50:00.000000', 1, 'DOWN', 'PLATFORM1', 1, 0, 72),
(764, '2026-02-21', '22:38:00.000000', 1, 'DOWN', 'PLATFORM1', 1, 0, 70),
(765, '2026-02-21', '22:40:00.000000', 1, 'DOWN', 'PLATFORM1', 1, 0, 71),
(763, '2026-02-21', '22:16:00.000000', 1, 'DOWN', 'PLATFORM1', 1, 0, 45),
(762, '2026-02-21', '22:05:00.000000', 1, 'DOWN', 'PLATFORM1', 1, 0, 69),
(761, '2026-02-21', '21:55:00.000000', 1, 'DOWN', 'PLATFORM1', 1, 0, 68),
(760, '2026-02-21', '21:48:00.000000', 1, 'DOWN', 'PLATFORM1', 1, 0, 67),
(759, '2026-02-21', '21:40:00.000000', 1, 'DOWN', 'PLATFORM1', 1, 0, 66),
(758, '2026-02-21', '21:38:00.000000', 1, 'DOWN', 'PLATFORM1', 1, 0, 65),
(757, '2026-02-21', '19:30:00.000000', 1, 'UP', 'PLATFORM2', 1, 0, 64),
(756, '2026-02-21', '20:07:00.000000', 1, 'DOWN', 'PLATFORM1', 1, 0, 63),
(755, '2026-02-21', '18:55:00.000000', 1, 'DOWN', 'PLATFORM1', 1, 0, 62),
(754, '2026-02-21', '18:35:00.000000', 1, 'DOWN', 'PLATFORM1', 1, 0, 61),
(753, '2026-02-21', '18:13:00.000000', 1, 'DOWN', 'PLATFORM1', 1, 0, 60),
(752, '2026-02-21', '17:40:00.000000', 1, 'UP', 'PLATFORM2', 1, 0, 59),
(751, '2026-02-21', '17:35:00.000000', 1, 'UP', 'PLATFORM2', 1, 0, 58),
(750, '2026-02-21', '16:40:00.000000', 1, 'DOWN', 'PLATFORM1', 1, 0, 57),
(749, '2026-02-21', '13:57:00.000000', 1, 'DOWN', 'PLATFORM1', 1, 0, 56),
(748, '2026-02-21', '13:30:00.000000', 1, 'DOWN', 'PLATFORM1', 1, 0, 55),
(747, '2026-02-21', '13:10:00.000000', 1, 'UP', 'PLATFORM2', 1, 0, 54),
(746, '2026-02-21', '12:40:00.000000', 1, 'DOWN', 'PLATFORM1', 1, 0, 53),
(745, '2026-02-21', '11:10:00.000000', 1, 'DOWN', 'PLATFORM1', 1, 0, 52),
(744, '2026-02-21', '10:45:00.000000', 1, 'UP', 'PLATFORM2', 1, 0, 51),
(743, '2026-02-21', '10:15:00.000000', 1, 'DOWN', 'MAIN', 0, 0, 50),
(742, '2026-02-21', '09:40:00.000000', 1, 'DOWN', 'PLATFORM1', 1, 0, 49),
(741, '2026-02-21', '09:35:00.000000', 1, 'UP', 'PLATFORM2', 1, 0, 48),
(740, '2026-02-21', '09:15:00.000000', 1, 'DOWN', 'MAIN', 0, 0, 47),
(739, '2026-02-21', '08:56:00.000000', 1, 'DOWN', 'PLATFORM1', 1, 0, 46),
(738, '2026-02-21', '08:15:00.000000', 1, 'DOWN', 'MAIN', 0, 0, 45),
(737, '2026-02-21', '08:00:00.000000', 1, 'DOWN', 'PLATFORM1', 1, 0, 44),
(736, '2026-02-21', '07:55:00.000000', 1, 'DOWN', 'MAIN', 0, 0, 43),
(735, '2026-02-21', '07:45:00.000000', 1, 'DOWN', 'PLATFORM1', 1, 0, 42),
(734, '2026-02-21', '07:18:00.000000', 2, 'DOWN', 'MAIN', 0, 0, 41),
(733, '2026-02-21', '07:18:00.000000', 1, 'DOWN', 'PLATFORM1', 1, 0, 40),
(732, '2026-02-21', '07:10:00.000000', 1, 'DOWN', 'PLATFORM1', 1, 0, 39),
(731, '2026-02-21', '06:40:00.000000', 1, 'DOWN', 'MAIN', 0, 0, 38),
(730, '2026-02-21', '06:32:00.000000', 1, 'DOWN', 'MAIN', 0, 0, 37),
(729, '2026-02-21', '06:25:00.000000', 1, 'DOWN', 'MAIN', 0, 0, 36),
(728, '2026-02-21', '06:20:00.000000', 1, 'UP', 'MAIN', 0, 0, 35),
(727, '2026-02-21', '06:20:00.000000', 1, 'DOWN', 'MAIN', 0, 0, 34),
(726, '2026-02-21', '06:18:00.000000', 1, 'DOWN', 'MAIN', 0, 0, 33),
(725, '2026-02-21', '05:13:00.000000', 1, 'UP', 'PLATFORM2', 1, 0, 32),
(724, '2026-02-21', '05:10:00.000000', 1, 'DOWN', 'PLATFORM1', 1, 0, 31),
(723, '2026-02-21', '04:28:00.000000', 1, 'DOWN', 'PLATFORM1', 1, 0, 30),
(722, '2026-02-21', '03:52:00.000000', 1, 'DOWN', 'PLATFORM1', 1, 0, 29),
(721, '2026-02-21', '03:33:00.000000', 1, 'DOWN', 'PLATFORM1', 1, 0, 28),
(720, '2026-02-21', '03:23:00.000000', 1, 'DOWN', 'PLATFORM1', 1, 0, 27),
(719, '2026-02-21', '02:43:00.000000', 1, 'DOWN', 'PLATFORM1', 1, 0, 26),
(718, '2026-02-21', '02:40:00.000000', 1, 'DOWN', 'PLATFORM1', 1, 0, 25),
(717, '2026-02-21', '02:30:00.000000', 1, 'DOWN', 'PLATFORM1', 1, 0, 24),
(716, '2026-02-21', '02:28:00.000000', 1, 'DOWN', 'PLATFORM1', 1, 0, 23),
(715, '2026-02-21', '02:20:00.000000', 1, 'DOWN', 'PLATFORM1', 1, 0, 22),
(712, '2026-02-21', '01:35:00.000000', 1, 'DOWN', 'PLATFORM1', 1, 0, 82),
(713, '2026-02-21', '01:38:00.000000', 1, 'DOWN', 'PLATFORM1', 1, 0, 20),
(714, '2026-02-21', '01:58:00.000000', 1, 'DOWN', 'PLATFORM1', 1, 0, 21),
(711, '2026-02-21', '01:28:00.000000', 1, 'DOWN', 'PLATFORM1', 1, 0, 81),
(710, '2026-02-21', '01:25:00.000000', 1, 'DOWN', 'PLATFORM1', 1, 0, 17),
(709, '2026-02-21', '00:50:00.000000', 1, 'DOWN', 'PLATFORM1', 1, 0, 16),
(708, '2026-02-21', '00:45:00.000000', 1, 'DOWN', 'MAIN', 0, 0, 15),
(707, '2026-02-21', '00:37:00.000000', 2, 'DOWN', 'MAIN', 0, 0, 14),
(706, '2026-02-21', '00:37:00.000000', 1, 'DOWN', 'MAIN', 0, 0, 13),
(705, '2026-02-21', '00:25:00.000000', 4, 'DOWN', 'MAIN', 0, 0, 12),
(704, '2026-02-21', '00:25:00.000000', 3, 'DOWN', 'MAIN', 0, 0, 11),
(703, '2026-02-21', '00:25:00.000000', 2, 'DOWN', 'MAIN', 0, 0, 10),
(700, '2026-02-21', '00:10:00.000000', 1, 'DOWN', 'PLATFORM1', 1, 0, 7),
(701, '2026-02-21', '00:15:00.000000', 1, 'DOWN', 'PLATFORM1', 1, 0, 78),
(702, '2026-02-21', '00:25:00.000000', 1, 'DOWN', 'PLATFORM1', 1, 0, 9),
(772, '2026-02-26', '00:15:00.000000', 1, 'DOWN', 'PLATFORM1', 1, 0, 78),
(773, '2026-02-26', '00:25:00.000000', 1, 'DOWN', 'PLATFORM1', 1, 0, 9),
(774, '2026-02-26', '00:25:00.000000', 2, 'DOWN', 'MAIN', 0, 0, 10),
(775, '2026-02-26', '00:25:00.000000', 3, 'DOWN', 'MAIN', 0, 0, 11),
(776, '2026-02-26', '00:25:00.000000', 4, 'DOWN', 'MAIN', 0, 0, 12),
(777, '2026-02-26', '00:37:00.000000', 1, 'DOWN', 'MAIN', 0, 0, 13),
(778, '2026-02-26', '00:37:00.000000', 2, 'DOWN', 'MAIN', 0, 0, 14),
(779, '2026-02-26', '00:45:00.000000', 1, 'DOWN', 'MAIN', 0, 0, 15),
(780, '2026-02-26', '00:50:00.000000', 1, 'DOWN', 'PLATFORM1', 1, 0, 16),
(781, '2026-02-26', '01:25:00.000000', 1, 'DOWN', 'PLATFORM1', 1, 0, 17),
(782, '2026-02-26', '01:28:00.000000', 1, 'DOWN', 'PLATFORM1', 1, 0, 81),
(783, '2026-02-26', '01:35:00.000000', 1, 'DOWN', 'PLATFORM1', 1, 0, 82),
(784, '2026-02-26', '01:38:00.000000', 1, 'DOWN', 'PLATFORM1', 1, 0, 20),
(785, '2026-02-26', '01:58:00.000000', 1, 'DOWN', 'PLATFORM1', 1, 0, 21),
(786, '2026-02-26', '02:20:00.000000', 1, 'DOWN', 'PLATFORM1', 1, 0, 22),
(787, '2026-02-26', '02:28:00.000000', 1, 'DOWN', 'PLATFORM1', 1, 0, 23),
(788, '2026-02-26', '02:30:00.000000', 1, 'DOWN', 'PLATFORM1', 1, 0, 24),
(789, '2026-02-26', '02:40:00.000000', 1, 'DOWN', 'PLATFORM1', 1, 0, 25),
(790, '2026-02-26', '02:43:00.000000', 1, 'DOWN', 'PLATFORM1', 1, 0, 26),
(791, '2026-02-26', '03:23:00.000000', 1, 'DOWN', 'PLATFORM1', 1, 0, 27),
(792, '2026-02-26', '03:33:00.000000', 1, 'DOWN', 'PLATFORM1', 1, 0, 28),
(793, '2026-02-26', '03:52:00.000000', 1, 'DOWN', 'PLATFORM1', 1, 0, 29),
(794, '2026-02-26', '04:28:00.000000', 1, 'DOWN', 'PLATFORM1', 1, 0, 30),
(795, '2026-02-26', '05:10:00.000000', 1, 'DOWN', 'PLATFORM1', 1, 0, 31),
(796, '2026-02-26', '05:13:00.000000', 1, 'UP', 'PLATFORM2', 1, 0, 32),
(797, '2026-02-26', '06:18:00.000000', 1, 'DOWN', 'MAIN', 0, 0, 33),
(798, '2026-02-26', '06:20:00.000000', 1, 'DOWN', 'MAIN', 0, 0, 34),
(799, '2026-02-26', '06:20:00.000000', 1, 'UP', 'MAIN', 0, 0, 35),
(800, '2026-02-26', '06:25:00.000000', 1, 'DOWN', 'MAIN', 0, 0, 36),
(801, '2026-02-26', '06:32:00.000000', 1, 'DOWN', 'MAIN', 0, 0, 37),
(802, '2026-02-26', '06:40:00.000000', 1, 'DOWN', 'MAIN', 0, 0, 38),
(803, '2026-02-26', '07:10:00.000000', 1, 'DOWN', 'PLATFORM1', 1, 0, 39),
(804, '2026-02-26', '07:18:00.000000', 1, 'DOWN', 'PLATFORM1', 1, 0, 40),
(805, '2026-02-26', '07:18:00.000000', 2, 'DOWN', 'MAIN', 0, 0, 41),
(806, '2026-02-26', '07:45:00.000000', 1, 'DOWN', 'PLATFORM1', 1, 0, 42),
(807, '2026-02-26', '07:55:00.000000', 1, 'DOWN', 'MAIN', 0, 0, 43),
(808, '2026-02-26', '08:00:00.000000', 1, 'DOWN', 'PLATFORM1', 1, 0, 44),
(809, '2026-02-26', '08:15:00.000000', 1, 'DOWN', 'MAIN', 0, 0, 45),
(810, '2026-02-26', '08:56:00.000000', 1, 'DOWN', 'PLATFORM1', 1, 0, 46),
(811, '2026-02-26', '09:15:00.000000', 1, 'DOWN', 'MAIN', 0, 0, 47),
(812, '2026-02-26', '09:35:00.000000', 1, 'UP', 'PLATFORM2', 1, 0, 48),
(813, '2026-02-26', '09:40:00.000000', 1, 'DOWN', 'PLATFORM1', 1, 0, 49),
(814, '2026-02-26', '10:15:00.000000', 1, 'DOWN', 'MAIN', 0, 0, 50),
(815, '2026-02-26', '10:45:00.000000', 1, 'UP', 'PLATFORM2', 1, 0, 51),
(816, '2026-02-26', '11:10:00.000000', 1, 'DOWN', 'PLATFORM1', 1, 0, 52),
(817, '2026-02-26', '12:40:00.000000', 1, 'DOWN', 'PLATFORM1', 1, 0, 53),
(818, '2026-02-26', '13:10:00.000000', 1, 'UP', 'PLATFORM2', 1, 0, 54),
(819, '2026-02-26', '13:30:00.000000', 1, 'DOWN', 'PLATFORM1', 1, 0, 55),
(820, '2026-02-26', '13:57:00.000000', 1, 'DOWN', 'PLATFORM1', 1, 0, 56),
(821, '2026-02-26', '16:40:00.000000', 1, 'DOWN', 'PLATFORM1', 1, 0, 57),
(822, '2026-02-26', '17:35:00.000000', 1, 'UP', 'PLATFORM2', 1, 0, 58),
(823, '2026-02-26', '17:40:00.000000', 1, 'UP', 'PLATFORM2', 1, 0, 59),
(824, '2026-02-26', '18:13:00.000000', 1, 'DOWN', 'PLATFORM1', 1, 0, 60),
(825, '2026-02-26', '18:35:00.000000', 1, 'DOWN', 'PLATFORM1', 1, 0, 61),
(826, '2026-02-26', '18:55:00.000000', 1, 'DOWN', 'PLATFORM1', 1, 0, 62),
(827, '2026-02-26', '20:07:00.000000', 1, 'DOWN', 'PLATFORM1', 1, 0, 63),
(828, '2026-02-26', '19:30:00.000000', 1, 'UP', 'PLATFORM2', 1, 0, 64),
(829, '2026-02-26', '21:38:00.000000', 1, 'DOWN', 'PLATFORM1', 1, 0, 65),
(830, '2026-02-26', '21:40:00.000000', 1, 'DOWN', 'PLATFORM1', 1, 0, 66),
(831, '2026-02-26', '21:48:00.000000', 1, 'DOWN', 'PLATFORM1', 1, 0, 67),
(832, '2026-02-26', '21:55:00.000000', 1, 'DOWN', 'PLATFORM1', 1, 0, 68),
(833, '2026-02-26', '22:05:00.000000', 1, 'DOWN', 'PLATFORM1', 1, 0, 69),
(834, '2026-02-26', '22:16:00.000000', 1, 'DOWN', 'PLATFORM1', 1, 0, 45),
(835, '2026-02-26', '22:38:00.000000', 1, 'DOWN', 'PLATFORM1', 1, 0, 70),
(836, '2026-02-26', '22:40:00.000000', 1, 'DOWN', 'PLATFORM1', 1, 0, 71),
(837, '2026-02-26', '22:50:00.000000', 1, 'DOWN', 'PLATFORM1', 1, 0, 72),
(838, '2026-02-26', '23:10:00.000000', 1, 'UP', 'PLATFORM2', 1, 0, 73),
(839, '2026-02-26', '23:14:00.000000', 1, 'DOWN', 'PLATFORM1', 1, 0, 74),
(840, '2026-02-26', '23:28:00.000000', 1, 'DOWN', 'PLATFORM1', 1, 0, 75),
(841, '2026-02-26', '23:43:00.000000', 1, 'UP', 'PLATFORM2', 1, 0, 32),
(842, '2026-03-10', '00:10:00.000000', 1, 'DOWN', 'PLATFORM1', 1, 0, 7),
(843, '2026-03-10', '00:15:00.000000', 1, 'DOWN', 'PLATFORM1', 1, 0, 78),
(844, '2026-03-10', '00:25:00.000000', 1, 'DOWN', 'PLATFORM1', 1, 0, 9),
(845, '2026-03-10', '00:25:00.000000', 2, 'DOWN', 'MAIN', 0, 0, 10),
(846, '2026-03-10', '00:25:00.000000', 3, 'DOWN', 'MAIN', 0, 0, 11),
(847, '2026-03-10', '00:25:00.000000', 4, 'DOWN', 'MAIN', 0, 0, 12),
(848, '2026-03-10', '00:37:00.000000', 1, 'DOWN', 'MAIN', 0, 0, 13),
(849, '2026-03-10', '00:37:00.000000', 2, 'DOWN', 'MAIN', 0, 0, 14),
(850, '2026-03-10', '00:45:00.000000', 1, 'DOWN', 'MAIN', 0, 0, 15),
(851, '2026-03-10', '00:50:00.000000', 1, 'DOWN', 'PLATFORM1', 1, 0, 16),
(852, '2026-03-10', '01:25:00.000000', 1, 'DOWN', 'PLATFORM1', 1, 0, 17),
(853, '2026-03-10', '01:28:00.000000', 1, 'DOWN', 'PLATFORM1', 1, 0, 81),
(854, '2026-03-10', '01:35:00.000000', 1, 'DOWN', 'PLATFORM1', 1, 0, 82),
(855, '2026-03-10', '01:38:00.000000', 1, 'DOWN', 'PLATFORM1', 1, 0, 20),
(856, '2026-03-10', '01:58:00.000000', 1, 'DOWN', 'PLATFORM1', 1, 0, 21),
(857, '2026-03-10', '02:20:00.000000', 1, 'DOWN', 'PLATFORM1', 1, 0, 22),
(858, '2026-03-10', '02:28:00.000000', 1, 'DOWN', 'PLATFORM1', 1, 0, 23),
(859, '2026-03-10', '02:30:00.000000', 1, 'DOWN', 'PLATFORM1', 1, 0, 24),
(860, '2026-03-10', '02:40:00.000000', 1, 'DOWN', 'PLATFORM1', 1, 0, 25),
(861, '2026-03-10', '02:43:00.000000', 1, 'DOWN', 'PLATFORM1', 1, 0, 26),
(862, '2026-03-10', '03:23:00.000000', 1, 'DOWN', 'PLATFORM1', 1, 0, 27),
(863, '2026-03-10', '03:33:00.000000', 1, 'DOWN', 'PLATFORM1', 1, 0, 28),
(864, '2026-03-10', '03:52:00.000000', 1, 'DOWN', 'PLATFORM1', 1, 0, 29),
(865, '2026-03-10', '04:28:00.000000', 1, 'DOWN', 'PLATFORM1', 1, 0, 30),
(866, '2026-03-10', '05:10:00.000000', 1, 'DOWN', 'PLATFORM1', 1, 0, 31),
(867, '2026-03-10', '05:13:00.000000', 1, 'UP', 'PLATFORM2', 1, 0, 32),
(868, '2026-03-10', '06:18:00.000000', 1, 'DOWN', 'MAIN', 0, 0, 33),
(869, '2026-03-10', '06:20:00.000000', 1, 'DOWN', 'MAIN', 0, 0, 34),
(870, '2026-03-10', '06:20:00.000000', 1, 'UP', 'MAIN', 0, 0, 35),
(871, '2026-03-10', '06:25:00.000000', 1, 'DOWN', 'MAIN', 0, 0, 36),
(872, '2026-03-10', '06:32:00.000000', 1, 'DOWN', 'MAIN', 0, 0, 37),
(873, '2026-03-10', '06:40:00.000000', 1, 'DOWN', 'MAIN', 0, 0, 38),
(874, '2026-03-10', '07:10:00.000000', 1, 'DOWN', 'PLATFORM1', 1, 0, 39),
(875, '2026-03-10', '07:18:00.000000', 1, 'DOWN', 'PLATFORM1', 1, 0, 40),
(876, '2026-03-10', '07:18:00.000000', 2, 'DOWN', 'MAIN', 0, 0, 41),
(877, '2026-03-10', '07:45:00.000000', 1, 'DOWN', 'PLATFORM1', 1, 0, 42),
(878, '2026-03-10', '07:55:00.000000', 1, 'DOWN', 'MAIN', 0, 0, 43),
(879, '2026-03-10', '08:00:00.000000', 1, 'DOWN', 'PLATFORM1', 1, 0, 44),
(880, '2026-03-10', '08:15:00.000000', 1, 'DOWN', 'MAIN', 0, 0, 45),
(881, '2026-03-10', '08:56:00.000000', 1, 'DOWN', 'PLATFORM1', 1, 0, 46),
(882, '2026-03-10', '09:15:00.000000', 1, 'DOWN', 'MAIN', 0, 0, 47),
(883, '2026-03-10', '09:35:00.000000', 1, 'UP', 'PLATFORM2', 1, 0, 48),
(884, '2026-03-10', '09:40:00.000000', 1, 'DOWN', 'PLATFORM1', 1, 0, 49),
(885, '2026-03-10', '10:15:00.000000', 1, 'DOWN', 'MAIN', 0, 0, 50),
(886, '2026-03-10', '10:45:00.000000', 1, 'UP', 'PLATFORM2', 1, 0, 51),
(887, '2026-03-10', '11:10:00.000000', 1, 'DOWN', 'PLATFORM1', 1, 0, 52),
(888, '2026-03-10', '12:40:00.000000', 1, 'DOWN', 'PLATFORM1', 1, 0, 53),
(889, '2026-03-10', '13:10:00.000000', 1, 'UP', 'PLATFORM2', 1, 0, 54),
(890, '2026-03-10', '13:30:00.000000', 1, 'DOWN', 'PLATFORM1', 1, 0, 55),
(891, '2026-03-10', '13:57:00.000000', 1, 'DOWN', 'PLATFORM1', 1, 0, 56),
(892, '2026-03-10', '16:40:00.000000', 1, 'DOWN', 'PLATFORM1', 1, 0, 57),
(893, '2026-03-10', '17:35:00.000000', 1, 'UP', 'PLATFORM2', 1, 0, 58),
(894, '2026-03-10', '17:40:00.000000', 1, 'UP', 'PLATFORM2', 1, 0, 59),
(895, '2026-03-10', '18:13:00.000000', 1, 'DOWN', 'PLATFORM1', 1, 0, 60),
(896, '2026-03-10', '18:35:00.000000', 1, 'DOWN', 'PLATFORM1', 1, 0, 61),
(897, '2026-03-10', '18:55:00.000000', 1, 'DOWN', 'PLATFORM1', 1, 0, 62),
(898, '2026-03-10', '20:07:00.000000', 1, 'DOWN', 'PLATFORM1', 1, 0, 63),
(899, '2026-03-10', '19:30:00.000000', 1, 'UP', 'PLATFORM2', 1, 0, 64),
(900, '2026-03-10', '21:38:00.000000', 1, 'DOWN', 'PLATFORM1', 1, 0, 65),
(901, '2026-03-10', '21:40:00.000000', 1, 'DOWN', 'PLATFORM1', 1, 0, 66),
(902, '2026-03-10', '21:48:00.000000', 1, 'DOWN', 'PLATFORM1', 1, 0, 67),
(903, '2026-03-10', '21:55:00.000000', 1, 'DOWN', 'PLATFORM1', 1, 0, 68),
(904, '2026-03-10', '22:05:00.000000', 1, 'DOWN', 'PLATFORM1', 1, 0, 69),
(905, '2026-03-10', '22:16:00.000000', 1, 'DOWN', 'PLATFORM1', 1, 0, 45),
(906, '2026-03-10', '22:38:00.000000', 1, 'DOWN', 'PLATFORM1', 1, 0, 70),
(907, '2026-03-10', '22:40:00.000000', 1, 'DOWN', 'PLATFORM1', 1, 0, 71),
(908, '2026-03-10', '22:50:00.000000', 1, 'DOWN', 'PLATFORM1', 1, 0, 72),
(909, '2026-03-10', '23:10:00.000000', 1, 'UP', 'PLATFORM2', 1, 0, 73),
(910, '2026-03-10', '23:14:00.000000', 1, 'DOWN', 'PLATFORM1', 1, 0, 74),
(911, '2026-03-10', '23:28:00.000000', 1, 'DOWN', 'PLATFORM1', 1, 0, 75),
(912, '2026-03-10', '23:43:00.000000', 1, 'UP', 'PLATFORM2', 1, 0, 32),
(913, '2026-04-21', '06:15:00.000000', 0, 'UP', 'PLATFORM2', 1, 0, 1),
(914, '2026-04-21', '07:30:00.000000', 0, 'UP', 'PLATFORM2', 1, 0, 2),
(915, '2026-04-21', '09:00:00.000000', 0, 'UP', 'MAIN', 0, 0, 3),
(916, '2026-04-21', '11:45:00.000000', 0, 'UP', 'PLATFORM2', 1, 0, 4),
(917, '2026-04-21', '06:00:00.000000', 0, 'UP', 'PLATFORM2', 1, 0, 5),
(918, '2026-04-21', '08:30:00.000000', 0, 'UP', 'PLATFORM2', 1, 0, 5),
(919, '2026-04-21', '12:00:00.000000', 0, 'UP', 'MAIN', 0, 0, 6),
(920, '2026-04-21', '18:45:00.000000', 0, 'DOWN', 'PLATFORM1', 1, 0, 1),
(921, '2026-04-21', '20:15:00.000000', 0, 'DOWN', 'PLATFORM1', 1, 0, 2),
(922, '2026-04-21', '22:30:00.000000', 0, 'DOWN', 'MAIN', 0, 0, 3),
(923, '2026-04-21', '11:00:00.000000', 0, 'DOWN', 'PLATFORM1', 1, 0, 4),
(924, '2026-04-21', '16:00:00.000000', 0, 'DOWN', 'PLATFORM1', 1, 0, 5),
(925, '2026-04-21', '19:30:00.000000', 0, 'DOWN', 'PLATFORM1', 1, 0, 5),
(926, '2026-04-21', '02:00:00.000000', 0, 'DOWN', 'MAIN', 0, 0, 6),
(927, '2026-04-23', '06:15:00.000000', 0, 'UP', 'PLATFORM2', 1, 0, 1),
(928, '2026-04-23', '07:30:00.000000', 0, 'UP', 'PLATFORM2', 1, 0, 2),
(929, '2026-04-23', '09:00:00.000000', 0, 'UP', 'MAIN', 0, 0, 3),
(930, '2026-04-23', '11:45:00.000000', 0, 'UP', 'PLATFORM2', 1, 0, 4),
(931, '2026-04-23', '06:00:00.000000', 0, 'UP', 'PLATFORM2', 1, 0, 5),
(932, '2026-04-23', '08:30:00.000000', 0, 'UP', 'PLATFORM2', 1, 0, 5),
(933, '2026-04-23', '12:00:00.000000', 0, 'UP', 'MAIN', 0, 0, 6),
(934, '2026-04-23', '18:45:00.000000', 0, 'DOWN', 'PLATFORM1', 1, 0, 1),
(935, '2026-04-23', '20:15:00.000000', 0, 'DOWN', 'PLATFORM1', 1, 0, 2),
(936, '2026-04-23', '22:30:00.000000', 0, 'DOWN', 'MAIN', 0, 0, 3),
(937, '2026-04-23', '11:00:00.000000', 0, 'DOWN', 'PLATFORM1', 1, 0, 4),
(938, '2026-04-23', '16:00:00.000000', 0, 'DOWN', 'PLATFORM1', 1, 0, 5),
(939, '2026-04-23', '19:30:00.000000', 0, 'DOWN', 'PLATFORM1', 1, 0, 5),
(940, '2026-04-23', '02:00:00.000000', 0, 'DOWN', 'MAIN', 0, 0, 6);

-- --------------------------------------------------------

--
-- Table structure for table `appname_workrequest`
--

DROP TABLE IF EXISTS `appname_workrequest`;
CREATE TABLE IF NOT EXISTS `appname_workrequest` (
  `id` bigint NOT NULL AUTO_INCREMENT,
  `title` varchar(200) NOT NULL,
  `description` longtext NOT NULL,
  `requested_by` varchar(100) NOT NULL,
  `status` varchar(12) NOT NULL,
  `created_at` datetime(6) NOT NULL,
  `updated_at` datetime(6) NOT NULL,
  PRIMARY KEY (`id`)
) ENGINE=MyISAM DEFAULT CHARSET=utf8mb4 COLLATE=utf8mb4_0900_ai_ci;

-- --------------------------------------------------------

--
-- Table structure for table `auth_group`
--

DROP TABLE IF EXISTS `auth_group`;
CREATE TABLE IF NOT EXISTS `auth_group` (
  `id` int NOT NULL AUTO_INCREMENT,
  `name` varchar(150) NOT NULL,
  PRIMARY KEY (`id`),
  UNIQUE KEY `name` (`name`)
) ENGINE=MyISAM DEFAULT CHARSET=utf8mb4 COLLATE=utf8mb4_0900_ai_ci;

-- --------------------------------------------------------

--
-- Table structure for table `auth_group_permissions`
--

DROP TABLE IF EXISTS `auth_group_permissions`;
CREATE TABLE IF NOT EXISTS `auth_group_permissions` (
  `id` bigint NOT NULL AUTO_INCREMENT,
  `group_id` int NOT NULL,
  `permission_id` int NOT NULL,
  PRIMARY KEY (`id`),
  UNIQUE KEY `auth_group_permissions_group_id_permission_id_0cd325b0_uniq` (`group_id`,`permission_id`),
  KEY `auth_group_permissions_group_id_b120cbf9` (`group_id`),
  KEY `auth_group_permissions_permission_id_84c5c92e` (`permission_id`)
) ENGINE=MyISAM DEFAULT CHARSET=utf8mb4 COLLATE=utf8mb4_0900_ai_ci;

-- --------------------------------------------------------

--
-- Table structure for table `auth_permission`
--

DROP TABLE IF EXISTS `auth_permission`;
CREATE TABLE IF NOT EXISTS `auth_permission` (
  `id` int NOT NULL AUTO_INCREMENT,
  `name` varchar(255) NOT NULL,
  `content_type_id` int NOT NULL,
  `codename` varchar(100) NOT NULL,
  PRIMARY KEY (`id`),
  UNIQUE KEY `auth_permission_content_type_id_codename_01ab375a_uniq` (`content_type_id`,`codename`),
  KEY `auth_permission_content_type_id_2f476e4b` (`content_type_id`)
) ENGINE=MyISAM AUTO_INCREMENT=73 DEFAULT CHARSET=utf8mb4 COLLATE=utf8mb4_0900_ai_ci;

--
-- Dumping data for table `auth_permission`
--

INSERT INTO `auth_permission` (`id`, `name`, `content_type_id`, `codename`) VALUES
(1, 'Can add log entry', 1, 'add_logentry'),
(2, 'Can change log entry', 1, 'change_logentry'),
(3, 'Can delete log entry', 1, 'delete_logentry'),
(4, 'Can view log entry', 1, 'view_logentry'),
(5, 'Can add permission', 2, 'add_permission'),
(6, 'Can change permission', 2, 'change_permission'),
(7, 'Can delete permission', 2, 'delete_permission'),
(8, 'Can view permission', 2, 'view_permission'),
(9, 'Can add group', 3, 'add_group'),
(10, 'Can change group', 3, 'change_group'),
(11, 'Can delete group', 3, 'delete_group'),
(12, 'Can view group', 3, 'view_group'),
(13, 'Can add content type', 4, 'add_contenttype'),
(14, 'Can change content type', 4, 'change_contenttype'),
(15, 'Can delete content type', 4, 'delete_contenttype'),
(16, 'Can view content type', 4, 'view_contenttype'),
(17, 'Can add session', 5, 'add_session'),
(18, 'Can change session', 5, 'change_session'),
(19, 'Can delete session', 5, 'delete_session'),
(20, 'Can view session', 5, 'view_session'),
(21, 'Can add user', 6, 'add_user'),
(22, 'Can change user', 6, 'change_user'),
(23, 'Can delete user', 6, 'delete_user'),
(24, 'Can view user', 6, 'view_user'),
(25, 'Can add train', 7, 'add_train'),
(26, 'Can change train', 7, 'change_train'),
(27, 'Can delete train', 7, 'delete_train'),
(28, 'Can view train', 7, 'view_train'),
(29, 'Can add store', 8, 'add_store'),
(30, 'Can change store', 8, 'change_store'),
(31, 'Can delete store', 8, 'delete_store'),
(32, 'Can view store', 8, 'view_store'),
(33, 'Can add store sale', 9, 'add_storesale'),
(34, 'Can change store sale', 9, 'change_storesale'),
(35, 'Can delete store sale', 9, 'delete_storesale'),
(36, 'Can view store sale', 9, 'view_storesale'),
(37, 'Can add train schedule', 10, 'add_trainschedule'),
(38, 'Can change train schedule', 10, 'change_trainschedule'),
(39, 'Can delete train schedule', 10, 'delete_trainschedule'),
(40, 'Can view train schedule', 10, 'view_trainschedule'),
(41, 'Can add passenger ticket', 11, 'add_passengerticket'),
(42, 'Can change passenger ticket', 11, 'change_passengerticket'),
(43, 'Can delete passenger ticket', 11, 'delete_passengerticket'),
(44, 'Can view passenger ticket', 11, 'view_passengerticket'),
(45, 'Can add goods shipment', 12, 'add_goodsshipment'),
(46, 'Can change goods shipment', 12, 'change_goodsshipment'),
(47, 'Can delete goods shipment', 12, 'delete_goodsshipment'),
(48, 'Can view goods shipment', 12, 'view_goodsshipment'),
(49, 'Can add work request', 13, 'add_workrequest'),
(50, 'Can change work request', 13, 'change_workrequest'),
(51, 'Can delete work request', 13, 'delete_workrequest'),
(52, 'Can view work request', 13, 'view_workrequest'),
(53, 'Can add store purchase', 14, 'add_storepurchase'),
(54, 'Can change store purchase', 14, 'change_storepurchase'),
(55, 'Can delete store purchase', 14, 'delete_storepurchase'),
(56, 'Can view store purchase', 14, 'view_storepurchase'),
(57, 'Can add product', 15, 'add_product'),
(58, 'Can change product', 15, 'change_product'),
(59, 'Can delete product', 15, 'delete_product'),
(60, 'Can view product', 15, 'view_product'),
(61, 'Can add store inventory', 16, 'add_storeinventory'),
(62, 'Can change store inventory', 16, 'change_storeinventory'),
(63, 'Can delete store inventory', 16, 'delete_storeinventory'),
(64, 'Can view store inventory', 16, 'view_storeinventory'),
(65, 'Can add train route stop', 17, 'add_trainroutestop'),
(66, 'Can change train route stop', 17, 'change_trainroutestop'),
(67, 'Can delete train route stop', 17, 'delete_trainroutestop'),
(68, 'Can view train route stop', 17, 'view_trainroutestop'),
(69, 'Can add station', 18, 'add_station'),
(70, 'Can change station', 18, 'change_station'),
(71, 'Can delete station', 18, 'delete_station'),
(72, 'Can view station', 18, 'view_station');

-- --------------------------------------------------------

--
-- Table structure for table `django_admin_log`
--

DROP TABLE IF EXISTS `django_admin_log`;
CREATE TABLE IF NOT EXISTS `django_admin_log` (
  `id` int NOT NULL AUTO_INCREMENT,
  `action_time` datetime(6) NOT NULL,
  `object_id` longtext,
  `object_repr` varchar(200) NOT NULL,
  `action_flag` smallint UNSIGNED NOT NULL,
  `change_message` longtext NOT NULL,
  `content_type_id` int DEFAULT NULL,
  `user_id` bigint NOT NULL,
  PRIMARY KEY (`id`),
  KEY `django_admin_log_content_type_id_c4bce8eb` (`content_type_id`),
  KEY `django_admin_log_user_id_c564eba6` (`user_id`)
) ;

-- --------------------------------------------------------

--
-- Table structure for table `django_content_type`
--

DROP TABLE IF EXISTS `django_content_type`;
CREATE TABLE IF NOT EXISTS `django_content_type` (
  `id` int NOT NULL AUTO_INCREMENT,
  `app_label` varchar(100) NOT NULL,
  `model` varchar(100) NOT NULL,
  PRIMARY KEY (`id`),
  UNIQUE KEY `django_content_type_app_label_model_76bd3d3b_uniq` (`app_label`,`model`)
) ENGINE=MyISAM AUTO_INCREMENT=19 DEFAULT CHARSET=utf8mb4 COLLATE=utf8mb4_0900_ai_ci;

--
-- Dumping data for table `django_content_type`
--

INSERT INTO `django_content_type` (`id`, `app_label`, `model`) VALUES
(1, 'admin', 'logentry'),
(2, 'auth', 'permission'),
(3, 'auth', 'group'),
(4, 'contenttypes', 'contenttype'),
(5, 'sessions', 'session'),
(6, 'appname', 'user'),
(7, 'appname', 'train'),
(8, 'appname', 'store'),
(9, 'appname', 'storesale'),
(10, 'appname', 'trainschedule'),
(11, 'appname', 'passengerticket'),
(12, 'appname', 'goodsshipment'),
(13, 'appname', 'workrequest'),
(14, 'appname', 'storepurchase'),
(15, 'appname', 'product'),
(16, 'appname', 'storeinventory'),
(17, 'appname', 'trainroutestop'),
(18, 'appname', 'station');

-- --------------------------------------------------------

--
-- Table structure for table `django_migrations`
--

DROP TABLE IF EXISTS `django_migrations`;
CREATE TABLE IF NOT EXISTS `django_migrations` (
  `id` bigint NOT NULL AUTO_INCREMENT,
  `app` varchar(255) NOT NULL,
  `name` varchar(255) NOT NULL,
  `applied` datetime(6) NOT NULL,
  PRIMARY KEY (`id`)
) ENGINE=MyISAM AUTO_INCREMENT=35 DEFAULT CHARSET=utf8mb4 COLLATE=utf8mb4_0900_ai_ci;

--
-- Dumping data for table `django_migrations`
--

INSERT INTO `django_migrations` (`id`, `app`, `name`, `applied`) VALUES
(1, 'contenttypes', '0001_initial', '2025-11-21 09:32:34.836634'),
(2, 'contenttypes', '0002_remove_content_type_name', '2025-11-21 09:32:34.867641'),
(3, 'auth', '0001_initial', '2025-11-21 09:32:34.983780'),
(4, 'auth', '0002_alter_permission_name_max_length', '2025-11-21 09:32:35.001786'),
(5, 'auth', '0003_alter_user_email_max_length', '2025-11-21 09:32:35.022896'),
(6, 'auth', '0004_alter_user_username_opts', '2025-11-21 09:32:35.025897'),
(7, 'auth', '0005_alter_user_last_login_null', '2025-11-21 09:32:35.027897'),
(8, 'auth', '0006_require_contenttypes_0002', '2025-11-21 09:32:35.028898'),
(9, 'auth', '0007_alter_validators_add_error_messages', '2025-11-21 09:32:35.030898'),
(10, 'auth', '0008_alter_user_username_max_length', '2025-11-21 09:32:35.033897'),
(11, 'auth', '0009_alter_user_last_name_max_length', '2025-11-21 09:32:35.036900'),
(12, 'auth', '0010_alter_group_name_max_length', '2025-11-21 09:32:35.054897'),
(13, 'auth', '0011_update_proxy_permissions', '2025-11-21 09:32:35.058899'),
(14, 'auth', '0012_alter_user_first_name_max_length', '2025-11-21 09:32:35.062901'),
(15, 'appname', '0001_initial', '2025-11-21 09:34:08.467245'),
(16, 'admin', '0001_initial', '2025-11-21 09:34:08.567771'),
(17, 'admin', '0002_logentry_remove_auto_add', '2025-11-21 09:34:08.571771'),
(18, 'admin', '0003_logentry_add_action_flag_choices', '2025-11-21 09:34:08.575774'),
(19, 'sessions', '0001_initial', '2025-11-21 09:34:08.602782'),
(20, 'appname', '0002_train_user_role_alter_user_address_and_more', '2026-02-13 15:21:17.783170'),
(21, 'appname', '0003_passengerticket_status', '2026-02-13 15:42:27.563906'),
(22, 'appname', '0004_workrequest', '2026-02-13 15:52:36.473470'),
(23, 'appname', '0005_product_user_assigned_store_storesale_product_and_more', '2026-02-13 17:28:29.529466'),
(24, 'appname', '0006_alter_trainschedule_unique_together', '2026-02-15 12:38:54.965381'),
(25, 'appname', '0007_add_gn_coachclass', '2026-02-16 08:49:45.667094'),
(26, 'appname', '0008_add_departed_ticket_status', '2026-02-16 09:10:04.796731'),
(27, 'appname', '0009_add_routes_and_destinations', '2026-02-21 04:23:48.679914'),
(28, 'appname', '0010_train_available_classes', '2026-02-21 04:37:37.021280'),
(29, 'appname', '0011_route_distance_decimal', '2026-02-21 05:33:19.557167'),
(30, 'appname', '0012_passengerticket_passenger_age_and_more', '2026-02-26 03:57:40.817697'),
(31, 'appname', '0013_passengerticket_expires_at_train_is_superfast_ac', '2026-02-26 04:27:07.946846'),
(32, 'appname', '0009_passengerticket_passenger_count_and_details', '2026-04-21 04:04:44.120841'),
(33, 'appname', '0010_passengerticket_booking_source', '2026-04-21 04:19:12.911084'),
(34, 'appname', '0011_goods_sender_details_and_destination', '2026-04-21 04:31:39.084292');

-- --------------------------------------------------------

--
-- Table structure for table `django_session`
--

DROP TABLE IF EXISTS `django_session`;
CREATE TABLE IF NOT EXISTS `django_session` (
  `session_key` varchar(40) NOT NULL,
  `session_data` longtext NOT NULL,
  `expire_date` datetime(6) NOT NULL,
  PRIMARY KEY (`session_key`),
  KEY `django_session_expire_date_a5c62663` (`expire_date`)
) ENGINE=MyISAM DEFAULT CHARSET=utf8mb4 COLLATE=utf8mb4_0900_ai_ci;

--
-- Dumping data for table `django_session`
--

INSERT INTO `django_session` (`session_key`, `session_data`, `expire_date`) VALUES
('y187j3sj4wy182yza2xo00guew4rjad0', '.eJxVjMEOgjAQRP-lZ9MUWrbg0Tvf0Ox2txY1JaFwMv67kHDQOc57M28VcFtz2KosYWJ1VY26_HaE8SnlAPzAcp91nMu6TKQPRZ-06nFmed1O9-8gY837uh08A7sUW7KdQGwGMonB7OlSb730KXqDXiwARXQiBCDJCyFah059vvCJOL8:1vTytx:r8Nb1aWY4kfFO7RNGAsDEQHKwIoFlfyhTm74LrhBm7k', '2025-12-26 08:53:25.965062'),
('isp54t7n6u4g8xqvvxdchtuiqxhsqpk5', 'e30:1vrpkp:ierYUPB8f7s-gZ0KfENcoTBWakMJjlxftdX9RXqzyRI', '2026-03-02 03:58:35.112960'),
('wp4jp7p15sq8inczyntiv0psbujmkfhc', 'e30:1vrpnp:5Vknlqy0bIYLNQlffTxWSa6Vpue6qM_q5oek8UyJ_8E', '2026-03-02 04:01:41.924867'),
('4f8nef03y7jzz0ukmzdd325ifzb5mfwa', '.eJxVjM0OwiAQhN-FsyH8LAIevfsMZMsuUjU0Ke3J-O62SQ-auc33zbxFwnWpae08p5HERYA4_XYD5ie3HdAD232SeWrLPA5yV-RBu7xNxK_r4f4dVOx1W6MHQG-NpYjelGKc9eCsYkLI52wJPCt2GrZo4ugxlmCDdiFzRMXi8wXQIDd4:1vzxy9:VEjLhGuFYAv73F6mPkzJqGQIUE3pkwbLPzGNrvpZbI0', '2026-03-24 14:21:57.138782'),
('hytaem9p3d8huwqh91p4psml7ypbivyz', '.eJxVjEsOAiEQRO_C2pDmI4hL956BdEMrowaSYWZlvLtMMgtd1qtX9RYR16XEtfMcpyzOQovDLyNMT65bkR9Y702mVpd5Irkpcm-7vLbMr8vu_h0U7GWsUzA3RgegrAukrQUHyRuExI7xpIhJOxgAyQQfrD8iZdTKKhqBgvh8AdehN4w:1wFgA9:MYgiA4QH4s31-fd_wN2HmTHD7-tLo3jCKj9dw1BlvcQ', '2026-05-06 22:35:17.647163');

-- --------------------------------------------------------

--
-- Table structure for table `user`
--

DROP TABLE IF EXISTS `user`;
CREATE TABLE IF NOT EXISTS `user` (
  `id` bigint NOT NULL AUTO_INCREMENT,
  `password` varchar(128) NOT NULL,
  `last_login` datetime(6) DEFAULT NULL,
  `is_superuser` tinyint(1) NOT NULL,
  `first_name` varchar(150) NOT NULL,
  `last_name` varchar(150) NOT NULL,
  `is_staff` tinyint(1) NOT NULL,
  `is_active` tinyint(1) NOT NULL,
  `date_joined` datetime(6) NOT NULL,
  `email` varchar(100) NOT NULL,
  `phone` varchar(15) DEFAULT NULL,
  `fullname` varchar(100) DEFAULT NULL,
  `address` longtext,
  `profile` varchar(100) DEFAULT NULL,
  `role` varchar(20) NOT NULL,
  `assigned_store_id` bigint DEFAULT NULL,
  PRIMARY KEY (`id`),
  UNIQUE KEY `email` (`email`),
  KEY `user_assigned_store_id_6e081d03` (`assigned_store_id`)
) ENGINE=MyISAM AUTO_INCREMENT=17 DEFAULT CHARSET=utf8mb4 COLLATE=utf8mb4_0900_ai_ci;

--
-- Dumping data for table `user`
--

INSERT INTO `user` (`id`, `password`, `last_login`, `is_superuser`, `first_name`, `last_name`, `is_staff`, `is_active`, `date_joined`, `email`, `phone`, `fullname`, `address`, `profile`, `role`, `assigned_store_id`) VALUES
(1, 'pbkdf2_sha256$1000000$0yQ54x7GxKzhaENIBE40no$ezRXLXqEnvYLpNnY5KuUXVT/fYIM6Hc1n7E+eEsEBTI=', '2025-12-12 08:53:25.960063', 0, 'test', 'test', 0, 1, '2025-11-29 09:30:22.560219', 'test@test', NULL, NULL, '', '', 'PASSENGER', NULL),
(2, 'pbkdf2_sha256$1000000$jAroPWQJ6FIXA1encPaldQ$Jp6Lg2TEMRIFfwcy7E/1tLXpmdLaXJvUd7G0EecDfeY=', '2026-04-22 22:35:17.643655', 0, '', '', 1, 1, '2026-02-13 15:29:40.346548', 'admin@station.local', NULL, 'admin', NULL, '', 'STATION_MASTER', NULL),
(3, 'pbkdf2_sha256$1000000$HhCqy9CV7URLtbHqf68SWG$YVQ+gR3cCYJvMEosfLgUGn5GbQR4a2lJ/LkDoloxX9Q=', '2026-04-21 04:27:36.533259', 0, '', '', 1, 1, '2026-02-13 15:29:40.914182', 'goods1@station.local', NULL, 'goods1', NULL, '', 'GOODS_MANAGER', NULL),
(4, 'pbkdf2_sha256$1000000$oUv7GiUzXRs6gUsIHsAvsN$8+DZDTxJLAUg5DHYHHT7mChxU3cag52msElMrfdoLPA=', '2026-04-21 04:26:11.975002', 0, '', '', 1, 1, '2026-02-13 15:29:41.432702', 'ticket1@station.local', NULL, 'ticket1', NULL, '', 'TICKET_STAFF', NULL),
(5, 'pbkdf2_sha256$1000000$5TVwQQjIyFtOHYxE3MeOie$+9a+Sfe3RPTpR5kO2xmtDPMA+/Qa3u5RlCkKhmfkbik=', '2026-02-21 06:12:14.371879', 0, '', '', 1, 1, '2026-02-13 15:29:41.954717', 'ticket2@station.local', NULL, 'ticket2', NULL, '', 'TICKET_STAFF', NULL),
(6, 'pbkdf2_sha256$1000000$SigMxqM1w6V5EPNhTDhK7t$uayfN2A5ERAtR3tYZwFm/cgr2HPV7SiRfbuqK0IFpPE=', NULL, 0, '', '', 1, 1, '2026-02-13 15:29:42.444303', 'ticket3@station.local', NULL, 'ticket3', NULL, '', 'TICKET_STAFF', NULL),
(7, 'pbkdf2_sha256$1000000$9GiiEacJ737KJ60Ypxm5o8$+Er21tsbR3IaWST+rUwcYD14yCnRmCQNYscty/9LT/c=', '2026-04-21 04:23:34.250974', 0, '', '', 1, 1, '2026-02-13 15:29:42.956442', 'staff1@station.local', NULL, 'staff1', NULL, '', 'STORE_STAFF', 1),
(8, 'pbkdf2_sha256$1000000$VpuePeMVA4XXwnRJ5bIw22$XNE+OB6+euoxMQzZ90WT597+8LtbNzqWYNfvd4MP8sU=', '2026-02-21 06:11:49.426109', 0, '', '', 1, 1, '2026-02-13 15:29:43.472942', 'staff2@station.local', NULL, 'staff2', NULL, '', 'STORE_STAFF', 2),
(9, 'pbkdf2_sha256$1000000$3227PZtm77x1i7MQRQQfvD$KfU3llN0poDfD2FZgdH2kigmEI+VqB2gd5n4Ks7Mug4=', '2026-02-16 08:58:25.905430', 0, '', '', 1, 1, '2026-02-13 15:29:43.999025', 'staff3@station.local', NULL, 'staff3', NULL, '', 'STORE_STAFF', 3),
(10, 'pbkdf2_sha256$1000000$hcbeKqD2ezXcNqMi6ArmKH$gQMPoq5xAF8qM9c6FZXRQK8D53KssjKGBSfWVVaPGNE=', NULL, 0, '', '', 1, 1, '2026-02-13 15:29:44.507321', 'staff4@station.local', NULL, 'staff4', NULL, '', 'STORE_STAFF', 4),
(11, 'pbkdf2_sha256$1000000$Cf1DL0x0qaDNXqZd5xhvmE$QtFPu553Zem97tM2aA5d5a8BKpZtG1fJw+/FJ6Exh4M=', NULL, 0, '', '', 1, 1, '2026-02-13 15:29:45.047943', 'staff5@station.local', NULL, 'staff5', NULL, '', 'STORE_STAFF', 5),
(12, 'pbkdf2_sha256$1000000$10V2k1MPlGYqFPD9mni7WD$4YhLKQdCY88H6aVUitluOkNH7XGDW6Fbb7fr0lx9X2U=', NULL, 0, '', '', 1, 1, '2026-02-13 15:29:45.552997', 'staff6@station.local', NULL, 'staff6', NULL, '', 'STORE_STAFF', 6),
(13, 'pbkdf2_sha256$1000000$2LKixdWVh6tiqBGLQEczML$yxuvFuchPa8S3/Q7qcezY4SFDzbqvRCgm/98H1oomj8=', '2026-02-16 04:17:15.413843', 0, 'ads', 'ads', 0, 1, '2026-02-16 03:58:22.947305', 'asd@asd.com', NULL, NULL, NULL, '', 'PASSENGER', NULL),
(14, 'pbkdf2_sha256$1000000$BqbFdWpzb6P07H0WAA3xHL$daskD/O1WysFfrJXmCTJ/kxKZtSHpufm6OlEBh5JaVw=', NULL, 0, '', '', 0, 1, '2026-02-21 04:03:21.394786', 'ads@ad.com', NULL, 'ads', NULL, '', 'PASSENGER', NULL),
(15, 'pbkdf2_sha256$1000000$AEWyCWxWAVr5izGa9SMQ8K$31Ed2g5F1jld8TTkvLF0GJ/lfKdxUOpETkFl8f0UiAE=', '2026-04-22 22:30:55.237362', 0, 'adss', 'ads', 0, 1, '2026-02-21 04:11:30.739965', 'asd@ads.com', NULL, NULL, NULL, '', 'PASSENGER', NULL),
(16, 'pbkdf2_sha256$1000000$NgpqnxtqjBqUVxSl9Z8lO2$3k2cmH9IhM0Bo6mStRrR413ONnklFPa8BbfikUAtjyI=', '2026-04-22 22:33:12.862331', 0, 'Test', 'Test2', 0, 1, '2026-04-22 22:33:06.067582', 'test2@test.gamil.com', NULL, NULL, NULL, '', 'PASSENGER', NULL);

-- --------------------------------------------------------

--
-- Table structure for table `user_groups`
--

DROP TABLE IF EXISTS `user_groups`;
CREATE TABLE IF NOT EXISTS `user_groups` (
  `id` bigint NOT NULL AUTO_INCREMENT,
  `user_id` bigint NOT NULL,
  `group_id` int NOT NULL,
  PRIMARY KEY (`id`),
  UNIQUE KEY `user_groups_user_id_group_id_40beef00_uniq` (`user_id`,`group_id`),
  KEY `user_groups_user_id_abaea130` (`user_id`),
  KEY `user_groups_group_id_b76f8aba` (`group_id`)
) ENGINE=MyISAM DEFAULT CHARSET=utf8mb4 COLLATE=utf8mb4_0900_ai_ci;

-- --------------------------------------------------------

--
-- Table structure for table `user_user_permissions`
--

DROP TABLE IF EXISTS `user_user_permissions`;
CREATE TABLE IF NOT EXISTS `user_user_permissions` (
  `id` bigint NOT NULL AUTO_INCREMENT,
  `user_id` bigint NOT NULL,
  `permission_id` int NOT NULL,
  PRIMARY KEY (`id`),
  UNIQUE KEY `user_user_permissions_user_id_permission_id_7dc6e2e0_uniq` (`user_id`,`permission_id`),
  KEY `user_user_permissions_user_id_ed4a47ea` (`user_id`),
  KEY `user_user_permissions_permission_id_9deb68a3` (`permission_id`)
) ENGINE=MyISAM DEFAULT CHARSET=utf8mb4 COLLATE=utf8mb4_0900_ai_ci;
COMMIT;

/*!40101 SET CHARACTER_SET_CLIENT=@OLD_CHARACTER_SET_CLIENT */;
/*!40101 SET CHARACTER_SET_RESULTS=@OLD_CHARACTER_SET_RESULTS */;
/*!40101 SET COLLATION_CONNECTION=@OLD_COLLATION_CONNECTION */;
